State,District,ConstituencyEN,ElectionType,CandidateName,Party,BallotVotes,Election,AdvanceBallotVotes,Gender,ConstituencyMM
Ayeyarwady Region,,Ayeyarwady Region 1,Amyotha,ဦးမြင့်ဇော်ဦး,,1001,2015,45,M,ဧရာဝတီတိုင်းဒေသကြီး ၁
Ayeyarwady Region,,Ayeyarwady Region 6,Amyotha,ဦးလှဝင်းဦး,,1028,2015,102,M,ဧရာဝတီတိုင်းဒေသကြီး ၆
Ayeyarwady Region,,Ayeyarwady Region 10,Amyotha,မန်းနံ့သာ,,1286,2015,67,M,ဧရာဝတီတိုင်းဒေသကြီး ၁၀
Ayeyarwady Region,,Ayeyarwady Region 1,Amyotha,ဦးထွန်းရွှေ,,1572,2015,64,M,ဧရာဝတီတိုင်းဒေသကြီး ၁
Ayeyarwady Region,,Ayeyarwady Region 3,Amyotha,ဦးဝင်းထိန်,,2565,2015,260,M,ဧရာဝတီတိုင်းဒေသကြီး ၃
Ayeyarwady Region,,Ayeyarwady Region 1,Amyotha,ဦးအေးကျော်,,2858,2015,153,M,ဧရာဝတီတိုင်းဒေသကြီး ၁
Ayeyarwady Region,,Ayeyarwady Region 3,Amyotha,ဦးမောင်ညို,,2863,2015,260,M,ဧရာဝတီတိုင်းဒေသကြီး ၃
Ayeyarwady Region,,Ayeyarwady Region 10,Amyotha,ဦးသိန်းသန်းထွန်း,,3068,2015,116,M,ဧရာဝတီတိုင်းဒေသကြီး ၁၀
Ayeyarwady Region,,Ayeyarwady Region 3,Amyotha,ဒေါ်နန့်သန်းမြင့်ကြည်,,3541,2015,201,F,ဧရာဝတီတိုင်းဒေသကြီး ၃
Ayeyarwady Region,,Ayeyarwady Region 6,Amyotha,ဦးဇာနည်အောင်,,3939,2015,164,M,ဧရာဝတီတိုင်းဒေသကြီး ၆
Ayeyarwady Region,,Ayeyarwady Region 1,Amyotha,ဒေါ်ခင်သက်မာထွန်း,,4475,2015,165,F,ဧရာဝတီတိုင်းဒေသကြီး ၁
Ayeyarwady Region,,Ayeyarwady Region 5,Amyotha,ဒေါ်သင်းသင်းဆွေ,,4608,2015,325,F,ဧရာဝတီတိုင်းဒေသကြီး ၅
Ayeyarwady Region,,Ayeyarwady Region 10,Amyotha,ဦးစောကျော်ထွန်း,,4847,2015,200,M,ဧရာဝတီတိုင်းဒေသကြီး ၁၀
Ayeyarwady Region,,Ayeyarwady Region 5,Amyotha,ဒေါ်မွန်မွန်အေး,,5005,2015,273,F,ဧရာဝတီတိုင်းဒေသကြီး ၅
Ayeyarwady Region,,Ayeyarwady Region 3,Amyotha,ဒေါ်ခင်ချိုမွန်,,5214,2015,240,F,ဧရာဝတီတိုင်းဒေသကြီး ၃
Ayeyarwady Region,,Ayeyarwady Region 11,Amyotha,ဦးစောဆာတူဝေါ,,5269,2015,278,M,ဧရာဝတီတိုင်းဒေသကြီး ၁၁
Ayeyarwady Region,,Ayeyarwady Region 12,Amyotha,ဦးစောကက်နက်,,5717,2015,377,M,ဧရာဝတီတိုင်းဒေသကြီး ၁၂
Ayeyarwady Region,,Ayeyarwady Region 6,Amyotha,စောစုသ,,6071,2015,324,M,ဧရာဝတီတိုင်းဒေသကြီး ၆
Ayeyarwady Region,,Ayeyarwady Region 8,Amyotha,ဦးစိုးမင်း,,6152,2015,231,M,ဧရာဝတီတိုင်းဒေသကြီး ၈
Ayeyarwady Region,,Ayeyarwady Region 12,Amyotha,ဦးဖြိုးမင်းဦး,,6660,2015,296,M,ဧရာဝတီတိုင်းဒေသကြီး ၁၂
Ayeyarwady Region,,Ayeyarwady Region 11,Amyotha,ဒေါ်စန္ဒာအောင်,,6775,2015,205,F,ဧရာဝတီတိုင်းဒေသကြီး ၁၁
Ayeyarwady Region,,Ayeyarwady Region 7,Amyotha,မန်းမြင့်စိုး,,7076,2015,510,M,ဧရာဝတီတိုင်းဒေသကြီး ၇
Ayeyarwady Region,,Ayeyarwady Region 8,Amyotha,ဦးအောင်သောင်း,,7241,2015,301,M,ဧရာဝတီတိုင်းဒေသကြီး ၈
Ayeyarwady Region,,Ayeyarwady Region 5,Amyotha,ဒေါ်မော်မော်ဆွေ,,7456,2015,490,F,ဧရာဝတီတိုင်းဒေသကြီး ၅
Ayeyarwady Region,,Ayeyarwady Region 10,Amyotha,ဦးချစ်ဆန်းမောင်,,7790,2015,278,M,ဧရာဝတီတိုင်းဒေသကြီး ၁၀
Ayeyarwady Region,,Ayeyarwady Region 1,Amyotha,ဦးခင်မောင်ရင်,,8197,2015,436,M,ဧရာဝတီတိုင်းဒေသကြီး ၁
Ayeyarwady Region,,Ayeyarwady Region 11,Amyotha,ဦးအုန်းလှ,,8643,2015,367,M,ဧရာဝတီတိုင်းဒေသကြီး ၁၁
Ayeyarwady Region,,Ayeyarwady Region 9,Amyotha,ဒေါ်နမ့်မာမီစန်း,,8848,2015,528,F,ဧရာဝတီတိုင်းဒေသကြီး ၉
Ayeyarwady Region,,Ayeyarwady Region 4,Amyotha,ဦးစောထွန်း,,9799,2015,790,M,ဧရာဝတီတိုင်းဒေသကြီး ၄
Ayeyarwady Region,,Ayeyarwady Region 12,Amyotha,ဦးအောင်သိန်းကြည်,,10151,2015,401,M,ဧရာဝတီတိုင်းဒေသကြီး ၁၂
Ayeyarwady Region,,Ayeyarwady Region 9,Amyotha,နမ့်ခင်အေးဦး,,10554,2015,941,M,ဧရာဝတီတိုင်းဒေသကြီး ၉
Ayeyarwady Region,,Ayeyarwady Region 7,Amyotha,ဦးငွေကြည်,,11137,2015,438,M,ဧရာဝတီတိုင်းဒေသကြီး ၇
Ayeyarwady Region,,Ayeyarwady Region 1,Amyotha,စောရော့စကို,,11566,2015,364,M,ဧရာဝတီတိုင်းဒေသကြီး ၁
Ayeyarwady Region,,Ayeyarwady Region 2,Amyotha,ဦးဝေလင်းဦး,,11682,2015,635,M,ဧရာဝတီတိုင်းဒေသကြီး ၂
Ayeyarwady Region,,Ayeyarwady Region 2,Amyotha,နန့်မေခလာဖုန်း,,11831,2015,756,M,ဧရာဝတီတိုင်းဒေသကြီး ၂
Ayeyarwady Region,,Ayeyarwady Region 7,Amyotha,နမ့်ရူပါသန်း,,12679,2015,531,M,ဧရာဝတီတိုင်းဒေသကြီး ၇
Ayeyarwady Region,,Ayeyarwady Region 7,Amyotha,ဦးတင်လှ,,14235,2015,844,M,ဧရာဝတီတိုင်းဒေသကြီး ၇
Ayeyarwady Region,,Ayeyarwady Region 6,Amyotha,ဦးခင်ရီ,,58751,2015,4797,M,ဧရာဝတီတိုင်းဒေသကြီး ၆
Ayeyarwady Region,,Ayeyarwady Region 3,Amyotha,ဦးမြင့်သိန်း,,65175,2015,7335,M,ဧရာဝတီတိုင်းဒေသကြီး ၃
Ayeyarwady Region,,Ayeyarwady Region 10,Amyotha,ဒေါက်တာမြတ်မြတ်အုန်းခင်,,74906,2015,6045,M,ဧရာဝတီတိုင်းဒေသကြီး ၁၀
Ayeyarwady Region,,Ayeyarwady Region 6,Amyotha,ဦးမန်းထွန်းကြိုင်,,76702,2015,4083,M,ဧရာဝတီတိုင်းဒေသကြီး ၆
Ayeyarwady Region,,Ayeyarwady Region 9,Amyotha,ဦးနိုင်ဝင်း,,81537,2015,8720,M,ဧရာဝတီတိုင်းဒေသကြီး ၉
Ayeyarwady Region,,Ayeyarwady Region 7,Amyotha,ဒေါက်တာဌေးနိုင်,,83062,2015,6392,M,ဧရာဝတီတိုင်းဒေသကြီး ၇
Ayeyarwady Region,,Ayeyarwady Region 11,Amyotha,ဦးမောင်မောင်အေး,,88747,2015,6107,M,ဧရာဝတီတိုင်းဒေသကြီး ၁၁
Ayeyarwady Region,,Ayeyarwady Region 5,Amyotha,ဒေါက်တာသန်းထွဋ်,,93829,2015,10565,M,ဧရာဝတီတိုင်းဒေသကြီး ၅
Ayeyarwady Region,,Ayeyarwady Region 2,Amyotha,ဦးသိန်းထိုက်,,100717,2015,8310,M,ဧရာဝတီတိုင်းဒေသကြီး ၂
Ayeyarwady Region,,Ayeyarwady Region 7,Amyotha,ဒေါက်တာပြည့်ဖြိုး,,101223,2015,5001,M,ဧရာဝတီတိုင်းဒေသကြီး ၇
Ayeyarwady Region,,Ayeyarwady Region 12,Amyotha,ဦးလှိုင်ဦး,,103987,2015,8181,M,ဧရာဝတီတိုင်းဒေသကြီး ၁၂
Ayeyarwady Region,,Ayeyarwady Region 1,Amyotha,ဦးစိုးဟန်လင်း,,109673,2015,10984,M,ဧရာဝတီတိုင်းဒေသကြီး ၁
Ayeyarwady Region,,Ayeyarwady Region 8,Amyotha,ဦးရန်ဝင်း,,110596,2015,7532,M,ဧရာဝတီတိုင်းဒေသကြီး ၈
Ayeyarwady Region,,Ayeyarwady Region 4,Amyotha,ဦးအုန်းသန်း,,113020,2015,12085,M,ဧရာဝတီတိုင်းဒေသကြီး ၄
Ayeyarwady Region,,Ayeyarwady Region 11,Amyotha,ဒေါ်မေသန်းနွဲ့,,115575,2015,4872,F,ဧရာဝတီတိုင်းဒေသကြီး ၁၁
Ayeyarwady Region,,Ayeyarwady Region 9,Amyotha,မန်းတိုးရွှေ,,120854,2015,7567,M,ဧရာဝတီတိုင်းဒေသကြီး ၉
Ayeyarwady Region,,Ayeyarwady Region 2,Amyotha,ဦးစခင်ဇော်လင်း,,125659,2015,7057,M,ဧရာဝတီတိုင်းဒေသကြီး ၂
Ayeyarwady Region,,Ayeyarwady Region 10,Amyotha,ဦးသိမ်းဆွေ,,129624,2015,5951,M,ဧရာဝတီတိုင်းဒေသကြီး ၁၀
Ayeyarwady Region,,Ayeyarwady Region 3,Amyotha,ဦးဆန်းမြင့်,,141649,2015,9480,M,ဧရာဝတီတိုင်းဒေသကြီး ၃
Ayeyarwady Region,,Ayeyarwady Region 12,Amyotha,ဦးကြည်ဝင်း,,142294,2015,7575,M,ဧရာဝတီတိုင်းဒေသကြီး ၁၂
Ayeyarwady Region,,Ayeyarwady Region 8,Amyotha,ဒေါ်အိအိပြုံး,,150101,2015,5911,F,ဧရာဝတီတိုင်းဒေသကြီး ၈
Ayeyarwady Region,,Ayeyarwady Region 1,Amyotha,ဦးစိုးမိုး,,163997,2015,7357,M,ဧရာဝတီတိုင်းဒေသကြီး ၁
Ayeyarwady Region,,Ayeyarwady Region 5,Amyotha,ဦးမောင်မောင်အုန်း,,168184,2015,10766,M,ဧရာဝတီတိုင်းဒေသကြီး ၅
Ayeyarwady Region,,Ayeyarwady Region 4,Amyotha,ဦးထိန်ဝင်း,,200844,2015,11668,M,ဧရာဝတီတိုင်းဒေသကြီး ၄
Bago Region,,Bago Region 1,Amyotha,ဦးဝင်းသူကိုယ်,,839,2015,52,M,ပဲခူးတိုင်းဒေသကြီး ၁
Bago Region,,Bago Region 2,Amyotha,ဒေါ်ခိုင်စံဝေ,,1281,2015,72,F,ပဲခူးတိုင်းဒေသကြီး ၂
Bago Region,,Bago Region 6,Amyotha,ဦးမျိုးညွန့်,,1358,2015,37,M,ပဲခူးတိုင်းဒေသကြီး ၆
Bago Region,,Bago Region 10,Amyotha,ဦးစောမျိုးဇင်ချစ်,,1547,2015,151,M,ပဲခူးတိုင်းဒေသကြီး ၁၀
Bago Region,,Bago Region 1,Amyotha,ဦးမောင်ကိုကို,,1963,2015,121,M,ပဲခူးတိုင်းဒေသကြီး ၁
Bago Region,,Bago Region 1,Amyotha,ဒေါ်မြစိုးမိုး,,2006,2015,127,F,ပဲခူးတိုင်းဒေသကြီး ၁
Bago Region,,Bago Region 6,Amyotha,ဦးအောင်သူရဝင်း,,2246,2015,88,M,ပဲခူးတိုင်းဒေသကြီး ၆
Bago Region,,Bago Region 12,Amyotha,ဦးမြင့်အေး,,2377,2015,184,M,ပဲခူးတိုင်းဒေသကြီး ၁၂
Bago Region,,Bago Region 1,Amyotha,ဦးအောင်နိုင်ဆွေ,,2418,2015,238,M,ပဲခူးတိုင်းဒေသကြီး ၁
Bago Region,,Bago Region 5,Amyotha,ဦးအောင်စိုး,,2481,2015,71,M,ပဲခူးတိုင်းဒေသကြီး ၅
Bago Region,,Bago Region 2,Amyotha,ဦးစံရွှေ,,2778,2015,175,M,ပဲခူးတိုင်းဒေသကြီး ၂
Bago Region,,Bago Region 12,Amyotha,ဦးမောင်မောင်ဝင်း,,2947,2015,285,M,ပဲခူးတိုင်းဒေသကြီး ၁၂
Bago Region,,Bago Region 6,Amyotha,ဦးသက်ဦး,,3217,2015,98,M,ပဲခူးတိုင်းဒေသကြီး ၆
Bago Region,,Bago Region 2,Amyotha,ဒေါ်ခင်သီ,,3876,2015,247,F,ပဲခူးတိုင်းဒေသကြီး ၂
Bago Region,,Bago Region 3,Amyotha,ဦးနေလင်းအောင်,,3937,2015,178,M,ပဲခူးတိုင်းဒေသကြီး ၃
Bago Region,,Bago Region 12,Amyotha,ဦးနိုင်ဝင်း,,4026,2015,251,M,ပဲခူးတိုင်းဒေသကြီး ၁၂
Bago Region,,Bago Region 1,Amyotha,ဦးညွန့်ဦး,,4126,2015,165,M,ပဲခူးတိုင်းဒေသကြီး ၁
Bago Region,,Bago Region 3,Amyotha,ဒေါ်ပုလဲဖြူ,,4459,2015,169,F,ပဲခူးတိုင်းဒေသကြီး ၃
Bago Region,,Bago Region 6,Amyotha,ဦးစိန်တင်,,4533,2015,197,M,ပဲခူးတိုင်းဒေသကြီး ၆
Bago Region,,Bago Region 11,Amyotha,ဦးသိန်းစိုး,,4579,2015,278,M,ပဲခူးတိုင်းဒေသကြီး ၁၁
Bago Region,,Bago Region 10,Amyotha,ဦးခင်ဇော်,,4606,2015,308,M,ပဲခူးတိုင်းဒေသကြီး ၁၀
Bago Region,,Bago Region 2,Amyotha,ဒေါက်တာလှမိုး,,4719,2015,327,M,ပဲခူးတိုင်းဒေသကြီး ၂
Bago Region,,Bago Region 4,Amyotha,ဦးရဲမြင့်,,4954,2015,280,M,ပဲခူးတိုင်းဒေသကြီး ၄
Bago Region,,Bago Region 3,Amyotha,ဦးအောင်ဝင်း,,5030,2015,329,M,ပဲခူးတိုင်းဒေသကြီး ၃
Bago Region,,Bago Region 9,Amyotha,ဦးတင်ဝင်း,,5423,2015,376,M,ပဲခူးတိုင်းဒေသကြီး ၉
Bago Region,,Bago Region 7,Amyotha,ဦးစောထူးဘလက်,,5658,2015,144,M,ပဲခူးတိုင်းဒေသကြီး ၇
Bago Region,,Bago Region 5,Amyotha,ဦးလင်းသူရိန်ထွန်း,,5910,2015,101,M,ပဲခူးတိုင်းဒေသကြီး ၅
Bago Region,,Bago Region 7,Amyotha,ဦးစိုးမြင့်ဦး,,6084,2015,225,M,ပဲခူးတိုင်းဒေသကြီး ၇
Bago Region,,Bago Region 9,Amyotha,ဦးမြင့်နွယ်,,6415,2015,304,M,ပဲခူးတိုင်းဒေသကြီး ၉
Bago Region,,Bago Region 4,Amyotha,ဒေါ်တိုးတိုးအောင်,,6570,2015,420,F,ပဲခူးတိုင်းဒေသကြီး ၄
Bago Region,,Bago Region 8,Amyotha,ဦးကျော်သန်း,,6626,2015,541,M,ပဲခူးတိုင်းဒေသကြီး ၈
Bago Region,,Bago Region 12,Amyotha,ဦးမောင်မောင်ဦး,,7037,2015,484,M,ပဲခူးတိုင်းဒေသကြီး ၁၂
Bago Region,,Bago Region 5,Amyotha,ဒေါ်ပြည့်ပြည့်ဖြိုး,,7249,2015,124,F,ပဲခူးတိုင်းဒေသကြီး ၅
Bago Region,,Bago Region 8,Amyotha,ဒေါ်မြမြထွေး,,7285,2015,443,F,ပဲခူးတိုင်းဒေသကြီး ၈
Bago Region,,Bago Region 10,Amyotha,ဦးဝင်းရှိန်,,7697,2015,289,M,ပဲခူးတိုင်းဒေသကြီး ၁၀
Bago Region,,Bago Region 4,Amyotha,ဦးအောင်ကြည်ဝင်း,,8905,2015,510,M,ပဲခူးတိုင်းဒေသကြီး ၄
Bago Region,,Bago Region 3,Amyotha,ဦးပန်းလှိုင်,,9513,2015,445,M,ပဲခူးတိုင်းဒေသကြီး ၃
Bago Region,,Bago Region 5,Amyotha,ဒေါ်ချယ်ရီရွှေ,,10660,2015,342,F,ပဲခူးတိုင်းဒေသကြီး ၅
Bago Region,,Bago Region 7,Amyotha,ဦးဝင်းနိုင်,,12050,2015,398,M,ပဲခူးတိုင်းဒေသကြီး ၇
Bago Region,,Bago Region 11,Amyotha,ဦးစောအောင်ဌေးဦး,,12999,2015,554,M,ပဲခူးတိုင်းဒေသကြီး ၁၁
Bago Region,,Bago Region 2,Amyotha,ဦးဖိုးဇော်,,39784,2015,3665,M,ပဲခူးတိုင်းဒေသကြီး ၂
Bago Region,,Bago Region 6,Amyotha,ဦးဌေးနိုင်,,43600,2015,2917,M,ပဲခူးတိုင်းဒေသကြီး ၆
Bago Region,,Bago Region 1,Amyotha,ဦးစောမော်ထွန်း,,47955,2015,4597,M,ပဲခူးတိုင်းဒေသကြီး ၁
Bago Region,,Bago Region 3,Amyotha,ဦးကျော်နိုင်,,48052,2015,5849,M,ပဲခူးတိုင်းဒေသကြီး ၃
Bago Region,,Bago Region 10,Amyotha,ဦးမြင့်ထွန်း,,48401,2015,4866,M,ပဲခူးတိုင်းဒေသကြီး ၁၀
Bago Region,,Bago Region 4,Amyotha,ဦးဇော်ဝင်း,,49228,2015,4587,M,ပဲခူးတိုင်းဒေသကြီး ၄
Bago Region,,Bago Region 11,Amyotha,ဦးအောင်ချိုဦး,,49925,2015,5105,M,ပဲခူးတိုင်းဒေသကြီး ၁၁
Bago Region,,Bago Region 7,Amyotha,ဦးညွန့်လှိုင်,,53445,2015,3841,M,ပဲခူးတိုင်းဒေသကြီး ၇
Bago Region,,Bago Region 9,Amyotha,ပါမောက္ခဒေါက်တာမြဦး,,53925,2015,7085,M,ပဲခူးတိုင်းဒေသကြီး ၉
Bago Region,,Bago Region 12,Amyotha,ဦးထွန်းဇော်,,62114,2015,6286,M,ပဲခူးတိုင်းဒေသကြီး ၁၂
Bago Region,,Bago Region 6,Amyotha,ဦးမင်းဦး,,71574,2015,3152,M,ပဲခူးတိုင်းဒေသကြီး ၆
Bago Region,,Bago Region 5,Amyotha,ဦးဝင်းနိုင်ရှိန်,,73664,2015,4811,M,ပဲခူးတိုင်းဒေသကြီး ၅
Bago Region,,Bago Region 7,Amyotha,ဒေါက်တာမြသောင်း,,81178,2015,3099,M,ပဲခူးတိုင်းဒေသကြီး ၇
Bago Region,,Bago Region 8,Amyotha,ဒေါက်တာခင်မောင်လေး,,81385,2015,10585,M,ပဲခူးတိုင်းဒေသကြီး ၈
Bago Region,,Bago Region 2,Amyotha,ဒေါက်တာမိုးမြင့်အောင်,,87410,2015,4665,M,ပဲခူးတိုင်းဒေသကြီး ၂
Bago Region,,Bago Region 10,Amyotha,ဦးဝင်းကြိုင်,,100265,2015,5569,M,ပဲခူးတိုင်းဒေသကြီး ၁၀
Bago Region,,Bago Region 4,Amyotha,ဒေါက်တာဦးဝင်းမြတ်အေး,,114721,2015,6916,M,ပဲခူးတိုင်းဒေသကြီး ၄
Bago Region,,Bago Region 5,Amyotha,ဒေါက်တာတင်တင်ဝင်း,,119584,2015,2344,M,ပဲခူးတိုင်းဒေသကြီး ၅
Bago Region,,Bago Region 3,Amyotha,ဒေါ်ရွှေရွှေစိန်လတ်,,122405,2015,6603,F,ပဲခူးတိုင်းဒေသကြီး ၃
Bago Region,,Bago Region 11,Amyotha,ဒေါက်တာဝင်းမြင့်,,126189,2015,6941,M,ပဲခူးတိုင်းဒေသကြီး ၁၁
Bago Region,,Bago Region 1,Amyotha,ဒေါက်တာစန်းမောင်မောင်,,146018,2015,7370,M,ပဲခူးတိုင်းဒေသကြီး ၁
Bago Region,,Bago Region 9,Amyotha,ဦးအေးချို,,153991,2015,10251,M,ပဲခူးတိုင်းဒေသကြီး ၉
Bago Region,,Bago Region 8,Amyotha,ဒေါက်တာဝင်းမြင့်ချစ်,,169958,2015,10351,M,ပဲခူးတိုင်းဒေသကြီး ၈
Bago Region,,Bago Region 12,Amyotha,ဦးအောင်သိန်း,,1191143,2015,6554,M,ပဲခူးတိုင်းဒေသကြီး ၁၂
Chin State,,Chin State 12,Amyotha,ဦးရိုကြိုင်,တိုင်းရင်းသားလူမျိုးစုများဖွံ့ဖြိုးရေးပါတီ,120,2015,7,M,ချင်းပြည်နယ် ၁၂
Chin State,,Chin State 6,Amyotha,ဦးအဲလ်ဒိုးခိုင်,ချင်းတိုးတက်ရေးပါတီ,235,2015,24,M,ချင်းပြည်နယ် ၆
Chin State,,Chin State 6,Amyotha,ဒေါ်ဇင့်ဒိမ့်ညောင်,တိုင်းရင်းသားစည်းလုံးညီညွတ်ရေးပါတီ,268,2015,7,F,ချင်းပြည်နယ် ၆
Chin State,,Chin State 8,Amyotha,ဦးကီးတမ်,တိုင်းရင်းသားစည်းလုံးညီညွတ်ရေးပါတီ,269,2015,35,M,ချင်းပြည်နယ် ၈
Chin State,,Chin State 8,Amyotha,ဦးရှိန်းထွန်း,ချင်းတိုးတက်ရေးပါတီ,301,2015,54,M,ချင်းပြည်နယ် ၈
Chin State,,Chin State 5,Amyotha,ဦးထန်ရှင်းမုန်,တိုင်းရင်းသားစည်းလုံးညီညွတ်ရေးပါတီ,380,2015,33,M,ချင်းပြည်နယ် ၅
Chin State,,Chin State 1,Amyotha,ဒေါ်ရွှေဆုန်,ချင်းဒီမိုကရေစီအဖွဲ့ချုပ်ပါတီ,394,2015,24,F,ချင်းပြည်နယ် ၁
Chin State,,Chin State 3,Amyotha,ဦးတလွန်နှင်း,တစ်သီးပုဂ္ဂလ,492,2015,30,M,ချင်းပြည်နယ် ၃
Chin State,,Chin State 5,Amyotha,ဦးဒမ်ခေါ်နဏ်း,ချင်းအမျိုးသားဒီမိုကရက်တစ်ပါတီ,516,2015,51,M,ချင်းပြည်နယ် ၅
Chin State,,Chin State 8,Amyotha,ဦးမောင်မောင်နိုင်,ချင်းဒီမိုကရေစီအဖွဲ့ချုပ်ပါတီ,648,2015,48,M,ချင်းပြည်နယ် ၈
Chin State,,Chin State 12,Amyotha,ဦးမင်းညှာ,တိုင်းရင်းသားစည်းလုံးညီညွတ်ရေးပါတီ,660,2015,58,M,ချင်းပြည်နယ် ၁၂
Chin State,,Chin State 11,Amyotha,ဦးအောင်ဝင်း,ချင်းအမျိုးသားဒီမိုကရက်တစ်ပါတီ,728,2015,58,M,ချင်းပြည်နယ် ၁၁
Chin State,,Chin State 7,Amyotha,ဦးထန်လမ်းပေါင်,ချင်းအမျိုးသားဒီမိုကရက်တစ်ပါတီ,733,2015,63,M,ချင်းပြည်နယ် ၇
Chin State,,Chin State 7,Amyotha,ဦးလက်ဆွမ်းခိုင်,ဇိုတိုင်းရင်းသားဒေသဖွံ့ဖြိုးရေးပါတီ,834,2015,59,M,ချင်းပြည်နယ် ၇
Chin State,,Chin State 12,Amyotha,ဦးဂျိုးဇက်အမ်ဘေးမော်,ညီညွတ်သောဒီမိုကရက်တစ်ပါတီ(UDP),867,2015,63,M,ချင်းပြည်နယ် ၁၂
Chin State,,Chin State 2,Amyotha,ဦးအယ်လ်တလွန်ပွမ်း,ပြည်ထောင်စုကြံ့ခိုင်ရေးနှင့်ဖွံ့ဖြိုးရေးပါတီ,1318,2015,57,M,ချင်းပြည်နယ် ၂
Chin State,,Chin State 12,Amyotha,ဒေါ်စီလိ,ချင်းအမျိုးသားဒီမိုကရက်တစ်ပါတီ,1331,2015,96,F,ချင်းပြည်နယ် ၁၂
Chin State,,Chin State 6,Amyotha,ဦးဇမ်ကျင်ပေါ်(ခ)ဇိုဇမ်း,ချင်းအမျိုးသားဒီမိုကရက်တစ်ပါတီ,1483,2015,134,M,ချင်းပြည်နယ် ၆
Chin State,,Chin State 12,Amyotha,ဦးကာလက်,ချင်းတိုးတက်ရေးပါတီ,1529,2015,140,M,ချင်းပြည်နယ် ၁၂
Chin State,,Chin State 4,Amyotha,ဒေါ်မိုင်စိမ်းချင်ထန်း,ချင်းအမျိုးသားဒီမိုကရက်တစ်ပါတီ,1540,2015,120,F,ချင်းပြည်နယ် ၄
Chin State,,Chin State 11,Amyotha,ဦးစာခုန်း,ပြည်ထောင်စုကြံ့ခိုင်ရေးနှင့်ဖွံ့ဖြိုးရေးပါတီ,1574,2015,138,M,ချင်းပြည်နယ် ၁၁
Chin State,,Chin State 5,Amyotha,ဦးကမ်လျန်ထန်(ဦးထန်ပီး),ချင်းဒီမိုကရေစီအဖွဲ့ချုပ်ပါတီ,1829,2015,140,M,ချင်းပြည်နယ် ၅
Chin State,,Chin State 1,Amyotha,ဦးရမ်မန်း,ချင်းအမျိုးသားဒီမိုကရက်တစ်ပါတီ,1853,2015,93,M,ချင်းပြည်နယ် ၁
Chin State,,Chin State 12,Amyotha,ဦးကံလင်း,ခူမီး(ခမီး)အမျိုးသားပါတီ,1892,2015,95,M,ချင်းပြည်နယ် ၁၂
Chin State,,Chin State 1,Amyotha,ဦးထလာဘိခ့်,ပြည်ထောင်စုကြံ့ခိုင်ရေးနှင့်ဖွံ့ဖြိုးရေးပါတီ,1976,2015,218,M,ချင်းပြည်နယ် ၁
Chin State,,Chin State 7,Amyotha,ဦးဂင်ဆွင်းမုန်,ပြည်ထောင်စုကြံ့ခိုင်ရေးနှင့်ဖွံ့ဖြိုးရေးပါတီ,2150,2015,240,M,ချင်းပြည်နယ် ၇
Chin State,,Chin State 9,Amyotha,ဦးမနားနိုင်း,ပြည်ထောင်စုကြံ့ခိုင်ရေးနှင့်ဖွံ့ဖြိုးရေးပါတီ,2284,2015,245,M,ချင်းပြည်နယ် ၉
Chin State,,Chin State 8,Amyotha,ဒေါ်ဟုန်းရောင်,ချင်းအမျိုးသားဒီမိုကရက်တစ်ပါတီ,2352,2015,360,F,ချင်းပြည်နယ် ၈
Chin State,,Chin State 9,Amyotha,ဦးကီးထန်းလွန်း,ချင်းအမျိုးသားဒီမိုကရက်တစ်ပါတီ,2503,2015,196,M,ချင်းပြည်နယ် ၉
Chin State,,Chin State 4,Amyotha,ဦးကျွန်ခဲန်း,ချင်းတိုးတက်ရေးပါတီ,2597,2015,159,M,ချင်းပြည်နယ် ၄
Chin State,,Chin State 5,Amyotha,ဦးနန်ခန့်ဆုမ်း,အမျိုးသားဒီမိုကရေစီအဖွဲ့ချုပ်ပါတီ,2602,2015,183,M,ချင်းပြည်နယ် ၅
Chin State,,Chin State 11,Amyotha,ဒေါ်အောင်မဖြူ,ချင်းတိုးတက်ရေးပါတီ,2644,2015,174,F,ချင်းပြည်နယ် ၁၁
Chin State,,Chin State 2,Amyotha,ဦးချန်ပွန်,ချင်းအမျိုးသားဒီမိုကရက်တစ်ပါတီ,2669,2015,141,M,ချင်းပြည်နယ် ၂
Chin State,,Chin State 12,Amyotha,ဦးဆလိုင်းခွဲယန်,ပြည်ထောင်စုကြံ့ခိုင်ရေးနှင့်ဖွံ့ဖြိုးရေးပါတီ,2765,2015,251,M,ချင်းပြည်နယ် ၁၂
Chin State,,Chin State 11,Amyotha,ဦးသန်းကျော်အောင်,ခူမီး(ခမီး)အမျိုးသားပါတီ,2800,2015,95,M,ချင်းပြည်နယ် ၁၁
Chin State,,Chin State 12,Amyotha,ဦးမောင်တင်ထွန်း,ရခိုင်အမျိုးသားပါတီ,2823,2015,205,M,ချင်းပြည်နယ် ၁၂
Chin State,,Chin State 10,Amyotha,ဦးပေါ်လျှံလွင်,ချင်းအမျိုးသားဒီမိုကရက်တစ်ပါတီ,3004,2015,224,M,ချင်းပြည်နယ် ၁၀
Chin State,,Chin State 10,Amyotha,ဦးငိုင်ဆာ့ခ်,ချင်းဒီမိုကရေစီအဖွဲ့ချုပ်ပါတီ,3141,2015,328,M,ချင်းပြည်နယ် ၁၀
Chin State,,Chin State 7,Amyotha,ဦးထောင်းကျင့်မန်,အမျိုးသားဒီမိုကရေစီအဖွဲ့ချုပ်ပါတီ,3195,2015,244,M,ချင်းပြည်နယ် ၇
Chin State,,Chin State 10,Amyotha,ဦးဇိုးဆွာ,ပြည်ထောင်စုကြံ့ခိုင်ရေးနှင့်ဖွံ့ဖြိုးရေးပါတီ,3315,2015,639,M,ချင်းပြည်နယ် ၁၀
Chin State,,Chin State 10,Amyotha,ဦးမှုန်ဆန်,တိုင်းရင်းသားလူမျိုးစုများဖွံ့ဖြိုးရေးပါတီ,3423,2015,273,M,ချင်းပြည်နယ် ၁၀
Chin State,,Chin State 9,Amyotha,ဒေါ်ခင်ဆွေလွင်,အမျိုးသားဒီမိုကရေစီအဖွဲ့ချုပ်ပါတီ,3692,2015,284,F,ချင်းပြည်နယ် ၉
Chin State,,Chin State 7,Amyotha,ဒေါ်ကျိန်ငိုက်မန်,ဇိုမီးဒီမိုကရေစီအဖွဲ့ချုပ်ပါတီ,4059,2015,288,F,ချင်းပြည်နယ် ၇
Chin State,,Chin State 6,Amyotha,ဒေါ်ကျင်းဒိုးညန်,ဇိုမီးဒီမိုကရေစီအဖွဲ့ချုပ်ပါတီ,4142,2015,320,F,ချင်းပြည်နယ် ၆
Chin State,,Chin State 10,Amyotha,ဦးဗန်ဘောင်,တစ်သီးပုဂ္ဂလ,4200,2015,380,M,ချင်းပြည်နယ် ၁၀
Chin State,,Chin State 6,Amyotha,ဒေါ်ကျိန်ဇဒိမ့်,အမျိုးသားဒီမိုကရေစီအဖွဲ့ချုပ်ပါတီ,4412,2015,293,F,ချင်းပြည်နယ် ၆
Chin State,,Chin State 5,Amyotha,ဦးခမ်ဆွင်းမုန်,ပြည်ထောင်စုကြံ့ခိုင်ရေးနှင့်ဖွံ့ဖြိုးရေးပါတီ,4511,2015,534,M,ချင်းပြည်နယ် ၅
Chin State,,Chin State 4,Amyotha,ဦးကဲပ်အီရ်,ပြည်ထောင်စုကြံ့ခိုင်ရေးနှင့်ဖွံ့ဖြိုးရေးပါတီ,4904,2015,473,M,ချင်းပြည်နယ် ၄
Chin State,,Chin State 6,Amyotha,ဦးကျင်ခန့်ပေါင်,ပြည်ထောင်စုကြံ့ခိုင်ရေးနှင့်ဖွံ့ဖြိုးရေးပါတီ,4926,2015,548,M,ချင်းပြည်နယ် ၆
Chin State,,Chin State 1,Amyotha,ဦးငွန်ဟေး,အမျိုးသားဒီမိုကရေစီအဖွဲ့ချုပ်ပါတီ,4965,2015,292,M,ချင်းပြည်နယ် ၁
Chin State,,Chin State 3,Amyotha,ဦးဂျေပီဘီာခ်တင်ဆန်း,ချင်းအမျိုးသားဒီမိုကရက်တစ်ပါတီ,5058,2015,243,M,ချင်းပြည်နယ် ၃
Chin State,,Chin State 8,Amyotha,ဦးဟာရှိန်းဘွေ,ပြည်ထောင်စုကြံ့ခိုင်ရေးနှင့်ဖွံ့ဖြိုးရေးပါတီ,5124,2015,649,M,ချင်းပြည်နယ် ၈
Chin State,,Chin State 10,Amyotha,ဦးလားလ်မင်းထန်,အမျိုးသားဒီမိုကရေစီအဖွဲ့ချုပ်ပါတီ,5169,2015,520,M,ချင်းပြည်နယ် ၁၀
Chin State,,Chin State 5,Amyotha,ဦးပူဂင်ကမ်းလျန်,ဇိုမီးဒီမိုကရေစီအဖွဲ့ချုပ်ပါတီ,5461,2015,419,M,ချင်းပြည်နယ် ၅
Chin State,,Chin State 11,Amyotha,ဦးစိန်ရွှေမောင်,ရခိုင်အမျိုးသားပါတီ,5577,2015,355,M,ချင်းပြည်နယ် ၁၁
Chin State,,Chin State 2,Amyotha,ဦးရှန်အောရ်,အမျိုးသားဒီမိုကရေစီအဖွဲ့ချုပ်ပါတီ,6103,2015,265,M,ချင်းပြည်နယ် ၂
Chin State,,Chin State 3,Amyotha,ဦးဇိုပဲန်း,ပြည်ထောင်စုကြံ့ခိုင်ရေးနှင့်ဖွံ့ဖြိုးရေးပါတီ,7133,2015,451,M,ချင်းပြည်နယ် ၃
Chin State,,Chin State 8,Amyotha,ဦးမာန်လောမောင်း,အမျိုးသားဒီမိုကရေစီအဖွဲ့ချုပ်ပါတီ,7458,2015,573,M,ချင်းပြည်နယ် ၈
Chin State,,Chin State 11,Amyotha,ဦးဝှေ့တင်း,အမျိုးသားဒီမိုကရေစီအဖွဲ့ချုပ်ပါတီ,8291,2015,376,M,ချင်းပြည်နယ် ၁၁
Chin State,,Chin State 12,Amyotha,ဦးမျိုးထပ်(ခ)ဆလိုင်းမျိုးထိုက်,အမျိုးသားဒီမိုကရေစီအဖွဲ့ချုပ်ပါတီ,8343,2015,542,M,ချင်းပြည်နယ် ၁၂
Chin State,,Chin State 3,Amyotha,ဦးဟင်နရီဗန်ထီးယူ,အမျိုးသားဒီမိုကရေစီအဖွဲ့ချုပ်ပါတီ,8921,2015,472,M,ချင်းပြည်နယ် ၃
Chin State,,Chin State 4,Amyotha,ဦးဇုန်လှယ်ထန်း,အမျိုးသားဒီမိုကရေစီအဖွဲ့ချုပ်ပါတီ,11760,2015,633,M,ချင်းပြည်နယ် ၄
Kachin State,,Kachin State 5,Amyotha,ဒေါ်ထုရီ,အမျိုးသားဒီမိုကရေစီအင်အားစုပါတီ,161,2015,22,F,ကချင်ပြည်နယ် ၅
Kachin State,,Kachin State 4,Amyotha,ဦးတန်ရော်,ကချင်ဒီမိုကရက်တစ်ပါတီ(KDP),284,2015,24,M,ကချင်ပြည်နယ် ၄
Kachin State,,Kachin State 4,Amyotha,ဦးဂွမ်ဂျတ်,ကချင်အမျိုးသားများဒီမိုကရေစီကွန်ဂရက်ပါတီ,401,2015,33,M,ကချင်ပြည်နယ် ၄
Kachin State,,Kachin State 8,Amyotha,ဦးမြင့်ဆွေ,ရှမ်းနီ(တိုင်းလိုင်)နှင့်မြောက်ပိုင်းရှမ်းမျိုးနွယ်စုများသွေးစည်းညီညွတ်ရေးပါတီ,483,2015,39,M,ကချင်ပြည်နယ် ၈
Kachin State,,Kachin State 4,Amyotha,ဦးဘရန်ရှောင်,တိုင်းရင်းသားစည်းလုံးညီညွတ်ရေးပါတီ,545,2015,60,M,ကချင်ပြည်နယ် ၄
Kachin State,,Kachin State 5,Amyotha,ဒေါ်ဂျုံးဂန်,လော်ဝေါ်အမျိုးသားစည်းလုံးညီညွတ်ရေးနှင့်ဖွံ့ဖြိုးရေးပါတီ,565,2015,113,F,ကချင်ပြည်နယ် ၅
Kachin State,,Kachin State 3,Amyotha,ဦးဇော်ရိန်,အမျိုးသားဒီမိုကရေစီအင်အားစုပါတီ,622,2015,26,M,ကချင်ပြည်နယ် ၃
Kachin State,,Kachin State 6,Amyotha,ဦးစောဝင်းထွန်း,ရှမ်းနီ(တိုင်းလိုင်)နှင့်မြောက်ပိုင်းရှမ်းမျိုးနွယ်စုများသွေးစည်းညီညွတ်ရေးပါတီ,656,2015,123,M,ကချင်ပြည်နယ် ၆
Kachin State,,Kachin State 6,Amyotha,ဒေါ်ခင်သန်း,တိုင်းရင်းသားစည်းလုံးညီညွတ်ရေးပါတီ,793,2015,116,F,ကချင်ပြည်နယ် ၆
Kachin State,,Kachin State 5,Amyotha,ဦးဆမားကျော်ဖားနော်,ကချင်ပြည်နယ်ဒီမိုကရေစီပါတီ,796,2015,52,M,ကချင်ပြည်နယ် ၅
Kachin State,,Kachin State 11,Amyotha,ဦးအေးမောင်ကျော်,တိုင်းလိုင်(ရှမ်းနီ)အမျိုးသားများဖွံ့ဖြိုးတိုးတက်ရေးပါတီ(T.N.D.P),892,2015,44,M,ကချင်ပြည်နယ် ၁၁
Kachin State,,Kachin State 11,Amyotha,ဦးစိုင်းအုန်းလှိုင်,တိုင်းရင်းသားစည်းလုံးညီညွတ်ရေးပါတီ,902,2015,77,M,ကချင်ပြည်နယ် ၁၁
Kachin State,,Kachin State 4,Amyotha,ဦးဇော်လောတ်,ကချင်ပြည်နယ်ဒီမိုကရေစီပါတီ,1010,2015,96,M,ကချင်ပြည်နယ် ၄
Kachin State,,Kachin State 2,Amyotha,ဦးဇက်ရေခမ်း,လော်ဝေါ်အမျိုးသားစည်းလုံးညီညွတ်ရေးနှင့်ဖွံ့ဖြိုးရေးပါတီ,1262,2015,101,M,ကချင်ပြည်နယ် ၂
Kachin State,,Kachin State 3,Amyotha,ဦးထွန်းငြိမ်း,တိုင်းလိုင်(ရှမ်းနီ)အမျိုးသားများဖွံ့ဖြိုးတိုးတက်ရေးပါတီ(T.N.D.P),1294,2015,96,M,ကချင်ပြည်နယ် ၃
Kachin State,,Kachin State 6,Amyotha,ဦးမောင်ထွေး,ရှမ်းတိုင်းရင်းသားများဒီမိုကရက်တစ်ပါတီ,1327,2015,92,M,ကချင်ပြည်နယ် ၆
Kachin State,,Kachin State 4,Amyotha,ဦးအားဖူ,အမျိုးသားဒီမိုကရေစီအင်အားစုပါတီ,1374,2015,67,M,ကချင်ပြည်နယ် ၄
Kachin State,,Kachin State 7,Amyotha,ဦးစိုးမိုးအောင်,ရှမ်းတိုင်းရင်းသားများဒီမိုကရက်တစ်ပါတီ,1375,2015,83,M,ကချင်ပြည်နယ် ၇
Kachin State,,Kachin State 3,Amyotha,ဦးတိန့်ဆောင်,ကချင်ဒီမိုကရက်တစ်ပါတီ(KDP),1413,2015,58,M,ကချင်ပြည်နယ် ၃
Kachin State,,Kachin State 5,Amyotha,ဦးကျော်ကျော်ဦး,အမျိုးသားဒီမိုကရေစီအဖွဲ့ချုပ်ပါတီ,1417,2015,472,M,ကချင်ပြည်နယ် ၅
Kachin State,,Kachin State 10,Amyotha,ဒေါ်ထုဆိုင်း,ကချင်အမျိုးသားများဒီမိုကရေစီကွန်ဂရက်ပါတီ,1513,2015,86,F,ကချင်ပြည်နယ် ၁၀
Kachin State,,Kachin State 7,Amyotha,ဦးမြသောင်း,အမျိုးသားဒီမိုကရေစီအင်အားစုပါတီ,1758,2015,104,M,ကချင်ပြည်နယ် ၇
Kachin State,,Kachin State 3,Amyotha,ဦးဒေါင်ခမ်,လော်ဝေါ်အမျိုးသားစည်းလုံးညီညွတ်ရေးနှင့်ဖွံ့ဖြိုးရေးပါတီ,1896,2015,109,M,ကချင်ပြည်နယ် ၃
Kachin State,,Kachin State 6,Amyotha,ဒေါ်ထုတောင်,အမျိုးသားဒီမိုကရေစီအင်အားစုပါတီ,2186,2015,203,F,ကချင်ပြည်နယ် ၆
Kachin State,,Kachin State 3,Amyotha,ဦးမုန်နန်,ကချင်ပြည်နယ်ဒီမိုကရေစီပါတီ,2192,2015,68,M,ကချင်ပြည်နယ် ၃
Kachin State,,Kachin State 5,Amyotha,ဦးယောနာ,တစ်သီးပုဂ္ဂလ,2252,2015,361,M,ကချင်ပြည်နယ် ၅
Kachin State,,Kachin State 9,Amyotha,ဦးဇော်လီ,အမျိုးသားဒီမိုကရေစီအင်အားစုပါတီ,2267,2015,29,M,ကချင်ပြည်နယ် ၉
Kachin State,,Kachin State 3,Amyotha,ဦးဂွန်(မ်)ဂျာ,ကချင်အမျိုးသားများဒီမိုကရေစီကွန်ဂရက်ပါတီ,2377,2015,118,M,ကချင်ပြည်နယ် ၃
Kachin State,,Kachin State 10,Amyotha,ဦးဝင်းခင်,တိုင်းလိုင်(ရှမ်းနီ)အမျိုးသားများဖွံ့ဖြိုးတိုးတက်ရေးပါတီ(T.N.D.P),2387,2015,110,M,ကချင်ပြည်နယ် ၁၀
Kachin State,,Kachin State 2,Amyotha,ဦးဘရန်အောင်,ကချင်အမျိုးသားများဒီမိုကရေစီကွန်ဂရက်ပါတီ,2433,2015,192,M,ကချင်ပြည်နယ် ၂
Kachin State,,Kachin State 11,Amyotha,ဒေါ်နူးနူးအောင်,ကချင်အမျိုးသားများဒီမိုကရေစီကွန်ဂရက်ပါတီ,2439,2015,103,F,ကချင်ပြည်နယ် ၁၁
Kachin State,,Kachin State 2,Amyotha,ဦးဆင်ဝါး,အမျိုးသားဒီမိုကရေစီအင်အားစုပါတီ,2445,2015,226,M,ကချင်ပြည်နယ် ၂
Kachin State,,Kachin State 12,Amyotha,ဦးခင်မောင်ကျော်,တိုင်းလိုင်(ရှမ်းနီ)အမျိုးသားများဖွံ့ဖြိုးတိုးတက်ရေးပါတီ(T.N.D.P),2447,2015,70,M,ကချင်ပြည်နယ် ၁၂
Kachin State,,Kachin State 3,Amyotha,ဦးဆန်ပေါင်း,ရှမ်းတိုင်းရင်းသားများဒီမိုကရက်တစ်ပါတီ,2599,2015,140,M,ကချင်ပြည်နယ် ၃
Kachin State,,Kachin State 1,Amyotha,ဦးတူးရော်,ကချင်ပြည်နယ်ဒီမိုကရေစီပါတီ,2628,2015,156,M,ကချင်ပြည်နယ် ၁
Kachin State,,Kachin State 3,Amyotha,ဦးလနူး,စည်းလုံးညီညွတ်ရေးနှင့်ဒီမိုကရေစီပါတီ ကချင်ပြည်နယ်(စဒက)  ,2832,2015,520,M,ကချင်ပြည်နယ် ၃
Kachin State,,Kachin State 8,Amyotha,ဦးအိုက်စံ,ရှမ်းတိုင်းရင်းသားများဒီမိုကရက်တစ်ပါတီ,2873,2015,148,M,ကချင်ပြည်နယ် ၈
Kachin State,,Kachin State 8,Amyotha,ဦးကျော်ဆေး,တိုင်းလိုင်(ရှမ်းနီ)အမျိုးသားများဖွံ့ဖြိုးတိုးတက်ရေးပါတီ(T.N.D.P),2923,2015,164,M,ကချင်ပြည်နယ် ၈
Kachin State,,Kachin State 3,Amyotha,ဦးဂမ်ဆိုင်း,တိုင်းရင်းသားစည်းလုံးညီညွတ်ရေးပါတီ,2980,2015,545,M,ကချင်ပြည်နယ် ၃
Kachin State,,Kachin State 1,Amyotha,ဦးအင်ဖုန်တန်,အမျိုးသားဒီမိုကရေစီအင်အားစုပါတီ,3234,2015,383,M,ကချင်ပြည်နယ် ၁
Kachin State,,Kachin State 11,Amyotha,ဦးစိုင်းခင်မောင်ဦး,ရှမ်းတိုင်းရင်းသားများဒီမိုကရက်တစ်ပါတီ,3298,2015,86,M,ကချင်ပြည်နယ် ၁၁
Kachin State,,Kachin State 9,Amyotha,ဦးခင်မောင်လွင်,တိုင်းလိုင်(ရှမ်းနီ)အမျိုးသားများဖွံ့ဖြိုးတိုးတက်ရေးပါတီ(T.N.D.P),3322,2015,62,M,ကချင်ပြည်နယ် ၉
Kachin State,,Kachin State 10,Amyotha,ဦးဝင်းနိုင်,တိုင်းရင်းသားစည်းလုံးညီညွတ်ရေးပါတီ,3330,2015,160,M,ကချင်ပြည်နယ် ၁၀
Kachin State,,Kachin State 3,Amyotha,ဦးသိန်းလှိုင်,ရှမ်းတိုင်းရင်းသားများဒီမိုကရေစီအဖွဲ့ချုပ်ပါတီ,3340,2015,110,M,ကချင်ပြည်နယ် ၃
Kachin State,,Kachin State 12,Amyotha,ဦးအောင်မျိုးလှိုင်,ကချင်ပြည်နယ်ဒီမိုကရေစီပါတီ,3526,2015,55,M,ကချင်ပြည်နယ် ၁၂
Kachin State,,Kachin State 12,Amyotha,ဦးတင်မောင်,တိုင်းရင်းသားစည်းလုံးညီညွတ်ရေးပါတီ,3560,2015,120,M,ကချင်ပြည်နယ် ၁၂
Kachin State,,Kachin State 11,Amyotha,ဦးဒါရှီတူးလွမ်,ပြည်ထောင်စုကြံ့ခိုင်ရေးနှင့်ဖွံ့ဖြိုးရေးပါတီ,3590,2015,1242,M,ကချင်ပြည်နယ် ၁၁
Kachin State,,Kachin State 4,Amyotha,ဦးကေဆမ်အောန်,ပြည်ထောင်စုကြံ့ခိုင်ရေးနှင့်ဖွံ့ဖြိုးရေးပါတီ,3676,2015,1376,M,ကချင်ပြည်နယ် ၄
Kachin State,,Kachin State 6,Amyotha,ဒေါ်ထားထားမေ,တိုင်းလိုင်(ရှမ်းနီ)အမျိုးသားများဖွံ့ဖြိုးတိုးတက်ရေးပါတီ(T.N.D.P),3712,2015,344,F,ကချင်ပြည်နယ် ၆
Kachin State,,Kachin State 12,Amyotha,ဦးစိုင်းကွီ,ရှမ်းတိုင်းရင်းသားများဒီမိုကရက်တစ်ပါတီ,3907,2015,94,M,ကချင်ပြည်နယ် ၁၂
Kachin State,,Kachin State 8,Amyotha,ဦးစိုးနိုင်,ကချင်ပြည်နယ်ဒီမိုကရေစီပါတီ,3946,2015,133,M,ကချင်ပြည်နယ် ၈
Kachin State,,Kachin State 11,Amyotha,ဦးစိုင်းမြမောင်,ရှမ်းတိုင်းရင်းသားများဒီမိုကရေစီအဖွဲ့ချုပ်ပါတီ,3971,2015,110,M,ကချင်ပြည်နယ် ၁၁
Kachin State,,Kachin State 2,Amyotha,ဦးဂျော်ဆန်းနော်,ကချင်ဒီမိုကရက်တစ်ပါတီ(KDP),4069,2015,270,M,ကချင်ပြည်နယ် ၂
Kachin State,,Kachin State 9,Amyotha,ဦးစီစီနော်ဂျာ,ကချင်အမျိုးသားများဒီမိုကရေစီကွန်ဂရက်ပါတီ,4267,2015,47,M,ကချင်ပြည်နယ် ၉
Kachin State,,Kachin State 5,Amyotha,ဦးဇခုန်တိန့်ယိန်း,တစ်သီးပုဂ္ဂလ,4275,2015,868,M,ကချင်ပြည်နယ် ၅
Kachin State,,Kachin State 10,Amyotha,ဦးထွန်းဦး,ရှမ်းတိုင်းရင်းသားများဒီမိုကရက်တစ်ပါတီ,4282,2015,153,M,ကချင်ပြည်နယ် ၁၀
Kachin State,,Kachin State 3,Amyotha,ဦးငွါးတား,လီဆူအမျိုးသားဖွံ့ဖြိုးတိုးတက်ရေးပါတီ(ဒူးလေးပါတီ),4327,2015,194,M,ကချင်ပြည်နယ် ၃
Kachin State,,Kachin State 2,Amyotha,ဦးဂျေဆိုင်းလီ(ခေါ်)အားဖူ,လီဆူအမျိုးသားဖွံ့ဖြိုးတိုးတက်ရေးပါတီ(ဒူးလေးပါတီ),4415,2015,241,M,ကချင်ပြည်နယ် ၂
Kachin State,,Kachin State 4,Amyotha,ဦးနောင်နဂျတန်,အမျိုးသားဒီမိုကရေစီအဖွဲ့ချုပ်ပါတီ,5230,2015,501,M,ကချင်ပြည်နယ် ၄
Kachin State,,Kachin State 9,Amyotha,ဦးဂျိုးဇက်လစေန်ယော်,ကချင်ပြည်နယ်ဒီမိုကရေစီပါတီ,5289,2015,75,M,ကချင်ပြည်နယ် ၉
Kachin State,,Kachin State 7,Amyotha,ဦးစိန်လွင်ဦး,တိုင်းလိုင်(ရှမ်းနီ)အမျိုးသားများဖွံ့ဖြိုးတိုးတက်ရေးပါတီ(T.N.D.P),6256,2015,558,M,ကချင်ပြည်နယ် ၇
Kachin State,,Kachin State 2,Amyotha,ဦးလနန်ဘောက်,တိုင်းရင်းသားစည်းလုံးညီညွတ်ရေးပါတီ,6475,2015,906,M,ကချင်ပြည်နယ် ၂
Kachin State,,Kachin State 9,Amyotha,ဦးမြအုန်း,ပြည်ထောင်စုကြံ့ခိုင်ရေးနှင့်ဖွံ့ဖြိုးရေးပါတီ,6652,2015,494,M,ကချင်ပြည်နယ် ၉
Kachin State,,Kachin State 1,Amyotha,ဦးဟဲဇာကီလီရဲ့,ပြည်ထောင်စုကြံ့ခိုင်ရေးနှင့်ဖွံ့ဖြိုးရေးပါတီ,6718,2015,1213,M,ကချင်ပြည်နယ် ၁
Kachin State,,Kachin State 2,Amyotha,ဦးခွန်းဆာ့,ကချင်ပြည်နယ်ဒီမိုကရေစီပါတီ,6784,2015,299,M,ကချင်ပြည်နယ် ၂
Kachin State,,Kachin State 2,Amyotha,ဦးစိန်ဝင်း,တိုင်းလိုင်(ရှမ်းနီ)အမျိုးသားများဖွံ့ဖြိုးတိုးတက်ရေးပါတီ(T.N.D.P),7421,2015,575,M,ကချင်ပြည်နယ် ၂
Kachin State,,Kachin State 6,Amyotha,ဦးစိုင်းတင်အောင်,ပြည်ထောင်စုကြံ့ခိုင်ရေးနှင့်ဖွံ့ဖြိုးရေးပါတီ,8631,2015,1921,M,ကချင်ပြည်နယ် ၆
Kachin State,,Kachin State 7,Amyotha,ဦးသိန်းဇော်,ပြည်ထောင်စုကြံ့ခိုင်ရေးနှင့်ဖွံ့ဖြိုးရေးပါတီ,9283,2015,1739,M,ကချင်ပြည်နယ် ၇
Kachin State,,Kachin State 11,Amyotha,ဒေါက်တာခွန်ဝင်းသောင်း,အမျိုးသားဒီမိုကရေစီအဖွဲ့ချုပ်ပါတီ,9606,2015,379,M,ကချင်ပြည်နယ် ၁၁
Kachin State,,Kachin State 1,Amyotha,ဦးဒီဆင်ရမ်,အမျိုးသားဒီမိုကရေစီအဖွဲ့ချုပ်ပါတီ,11160,2015,991,M,ကချင်ပြည်နယ် ၁
Kachin State,,Kachin State 3,Amyotha,ဦးဇယ်ခေါင်,အမျိုးသားဒီမိုကရေစီအဖွဲ့ချုပ်ပါတီ,11763,2015,590,M,ကချင်ပြည်နယ် ၃
Kachin State,,Kachin State 1,Amyotha,ဦးဂျေယောဝူ,တိုင်းရင်းသားစည်းလုံးညီညွတ်ရေးပါတီ,12570,2015,956,M,ကချင်ပြည်နယ် ၁
Kachin State,,Kachin State 10,Amyotha,ဦးမျိုးဆွေ,ပြည်ထောင်စုကြံ့ခိုင်ရေးနှင့်ဖွံ့ဖြိုးရေးပါတီ,13323,2015,1881,M,ကချင်ပြည်နယ် ၁၀
Kachin State,,Kachin State 8,Amyotha,ဦးကျော်မြင့်,ပြည်ထောင်စုကြံ့ခိုင်ရေးနှင့်ဖွံ့ဖြိုးရေးပါတီ,13620,2015,2704,M,ကချင်ပြည်နယ် ၈
Kachin State,,Kachin State 2,Amyotha,ဦးခက်ထိန်နန်,စည်းလုံးညီညွတ်ရေးနှင့်ဒီမိုကရေစီပါတီ ကချင်ပြည်နယ်(စဒက)  ,14006,2015,4876,M,ကချင်ပြည်နယ် ၂
Kachin State,,Kachin State 12,Amyotha,ဦးကျော်ဝင်း,ပြည်ထောင်စုကြံ့ခိုင်ရေးနှင့်ဖွံ့ဖြိုးရေးပါတီ,15801,2015,1275,M,ကချင်ပြည်နယ် ၁၂
Kachin State,,Kachin State 7,Amyotha,ဦးဝင်းဇော်,အမျိုးသားဒီမိုကရေစီအဖွဲ့ချုပ်ပါတီ,18808,2015,1300,M,ကချင်ပြည်နယ် ၇
Kachin State,,Kachin State 8,Amyotha,ဒေါက်တာခင်မကြီး,အမျိုးသားဒီမိုကရေစီအဖွဲ့ချုပ်ပါတီ,24245,2015,1335,M,ကချင်ပြည်နယ် ၈
Kachin State,,Kachin State 6,Amyotha,ဦးမင်းဆွေနိုင်,အမျိုးသားဒီမိုကရေစီအဖွဲ့ချုပ်ပါတီ,25830,2015,1968,M,ကချင်ပြည်နယ် ၆
Kachin State,,Kachin State 10,Amyotha,ဦးသိန်းလွင်,အမျိုးသားဒီမိုကရေစီအဖွဲ့ချုပ်ပါတီ,29686,2015,1379,M,ကချင်ပြည်နယ် ၁၀
Kachin State,,Kachin State 12,Amyotha,ဦးနိုင်ကိုကို,အမျိုးသားဒီမိုကရေစီအဖွဲ့ချုပ်ပါတီ,30044,2015,1014,M,ကချင်ပြည်နယ် ၁၂
Kachin State,,Kachin State 9,Amyotha,ဦးခင်မောင်မြင့်,အမျိုးသားဒီမိုကရေစီအဖွဲ့ချုပ်ပါတီ,30475,2015,350,M,ကချင်ပြည်နယ် ၉
Kachin State,,Kachin State 2,Amyotha,ဒေါ်ရှီလာနန်တောင်(ခ)အမ်နန်တောင်,အမျိုးသားဒီမိုကရေစီအဖွဲ့ချုပ်ပါတီ,46715,2015,3167,F,ကချင်ပြည်နယ် ၂
Kayah State,,Kayah State 8,Amyotha,ဦးကျော်စိုး,ရှမ်းတိုင်းရင်းသားများဒီမိုကရေစီအဖွဲ့ချုပ်ပါတီ,13,2015,6,M,ကယားပြည်နယ် ၈
Kayah State,,Kayah State 12,Amyotha,ဦးထွန်းကြိုင်(ခ)နေကျောက်ခဲ,ကယားလူမျိုးစုဒီမိုကရေစီပါတီ,30,2015,7,M,ကယားပြည်နယ် ၁၂
Kayah State,,Kayah State 8,Amyotha,ဦးဝင်းတင့်,ရှမ်းတိုင်းရင်းသားများဒီမိုကရက်တစ်ပါတီ,33,2015,11,M,ကယားပြည်နယ် ၈
Kayah State,,Kayah State 12,Amyotha,ဦးအောင်ဝင်း,တိုင်းရင်းသားစည်းလုံးညီညွတ်ရေးပါတီ,52,2015,9,M,ကယားပြည်နယ် ၁၂
Kayah State,,Kayah State 12,Amyotha,ဒေါ်သန်းကြည်,ရှမ်းတိုင်းရင်းသားများဒီမိုကရက်တစ်ပါတီ,59,2015,6,F,ကယားပြည်နယ် ၁၂
Kayah State,,Kayah State 12,Amyotha,ဒေါ်နီနီဦး,အမျိုးသားတိုးတက်ရေးပါတီ,93,2015,8,F,ကယားပြည်နယ် ၁၂
Kayah State,,Kayah State 7,Amyotha,ဒေါ်ပိုးမြာ,လူမျိုးပေါင်းစုံဒီမိုကရေစီပါတီ(ကယားပြည်နယ်),135,2015,7,F,ကယားပြည်နယ် ၇
Kayah State,,Kayah State 9,Amyotha,ဦးညွန့်ရွှေ,ကယားလူမျိုးစုဒီမိုကရေစီပါတီ,150,2015,18,M,ကယားပြည်နယ် ၉
Kayah State,,Kayah State 6,Amyotha,ဦးရယ်ထွန်းမြင့်,အမျိုးသားတိုးတက်ရေးပါတီ,168,2015,15,M,ကယားပြည်နယ် ၆
Kayah State,,Kayah State 10,Amyotha,ဦးစိုးမြင့်(နော်အောအော်ပါ),တိုင်းရင်းသားစည်းလုံးညီညွတ်ရေးပါတီ,175,2015,14,M,ကယားပြည်နယ် ၁၀
Kayah State,,Kayah State 11,Amyotha,ဦးစောကီးအို,ကရင်ပြည်သူ့ပါတီ,176,2015,20,M,ကယားပြည်နယ် ၁၁
Kayah State,,Kayah State 12,Amyotha,ဦးစံသိန်း,လူမျိုးပေါင်းစုံဒီမိုကရေစီပါတီ(ကယားပြည်နယ်),182,2015,15,M,ကယားပြည်နယ် ၁၂
Kayah State,,Kayah State 6,Amyotha,ဦးလောရယ်,တိုင်းရင်းသားစည်းလုံးညီညွတ်ရေးပါတီ,190,2015,15,M,ကယားပြည်နယ် ၆
Kayah State,,Kayah State 7,Amyotha,ဦးရောဘတ်ညေးရယ်,ကယားလူမျိုးစုဒီမိုကရေစီပါတီ,190,2015,20,M,ကယားပြည်နယ် ၇
Kayah State,,Kayah State 8,Amyotha,ဒေါ်တင်ကြည်စိုး,ကယားလူမျိုးစုဒီမိုကရေစီပါတီ,201,2015,20,F,ကယားပြည်နယ် ၈
Kayah State,,Kayah State 12,Amyotha,ဦးကျော်စည်သူ,တစ်သီးပုဂ္ဂလ,217,2015,251,M,ကယားပြည်နယ် ၁၂
Kayah State,,Kayah State 2,Amyotha,ဦးထွန်းမြင့်ဦး,ရှမ်းတိုင်းရင်းသားများဒီမိုကရက်တစ်ပါတီ,220,2015,21,M,ကယားပြည်နယ် ၂
Kayah State,,Kayah State 11,Amyotha,ဦးစောရွှေလေး(စောမုသာဘာ),တိုင်းရင်းသားစည်းလုံးညီညွတ်ရေးပါတီ,231,2015,16,M,ကယားပြည်နယ် ၁၁
Kayah State,,Kayah State 10,Amyotha,ဦးထွန်းထွန်းလတ်,အမျိုးသားတိုးတက်ရေးပါတီ,245,2015,30,M,ကယားပြည်နယ် ၁၀
Kayah State,,Kayah State 3,Amyotha,ဦးစိုင်းကျော်ငြိမ်း,ရှမ်းတိုင်းရင်းသားများဒီမိုကရေစီအဖွဲ့ချုပ်ပါတီ,260,2015,14,M,ကယားပြည်နယ် ၃
Kayah State,,Kayah State 5,Amyotha,ဦးဆင်မြူရယ်ဦး,ကယားလူမျိုးစုဒီမိုကရေစီပါတီ,274,2015,43,M,ကယားပြည်နယ် ၅
Kayah State,,Kayah State 10,Amyotha,ဒေါ်စဝ်နန္ဒာ,ရှမ်းတိုင်းရင်းသားများဒီမိုကရက်တစ်ပါတီ,285,2015,25,F,ကယားပြည်နယ် ၁၀
Kayah State,,Kayah State 7,Amyotha,ဦးဌေးရယ်,ပြည်ထောင်စုကြံ့ခိုင်ရေးနှင့်ဖွံ့ဖြိုးရေးပါတီ,289,2015,44,M,ကယားပြည်နယ် ၇
Kayah State,,Kayah State 8,Amyotha,ဦးသန်းဝင်း,တိုင်းရင်းသားစည်းလုံးညီညွတ်ရေးပါတီ,295,2015,63,M,ကယားပြည်နယ် ၈
Kayah State,,Kayah State 5,Amyotha,ဦးလောရင့်စ်ဦး,အမျိုးသားတိုးတက်ရေးပါတီ,296,2015,36,M,ကယားပြည်နယ် ၅
Kayah State,,Kayah State 10,Amyotha,ဦးသန်းကျော်စိုး,တစ်သီးပုဂ္ဂလ,299,2015,58,M,ကယားပြည်နယ် ၁၀
Kayah State,,Kayah State 12,Amyotha,ဦးနှင်းဝေ,ပြည်ထောင်စုကြံ့ခိုင်ရေးနှင့်ဖွံ့ဖြိုးရေးပါတီ,364,2015,74,M,ကယားပြည်နယ် ၁၂
Kayah State,,Kayah State 6,Amyotha,ဦးစောသာဒူးဦး,လူမျိုးပေါင်းစုံဒီမိုကရေစီပါတီ(ကယားပြည်နယ်),423,2015,24,M,ကယားပြည်နယ် ၆
Kayah State,,Kayah State 9,Amyotha,ဦးကျော်မျိုးသိန်း,အမျိုးသားဒီမိုကရေစီအဖွဲ့ချုပ်ပါတီ,424,2015,34,M,ကယားပြည်နယ် ၉
Kayah State,,Kayah State 2,Amyotha,ဦးစိုင်းစံအေး,ရှမ်းတိုင်းရင်းသားများဒီမိုကရေစီအဖွဲ့ချုပ်ပါတီ,469,2015,34,M,ကယားပြည်နယ် ၂
Kayah State,,Kayah State 3,Amyotha,ဦးဆော်ရယ်,တိုင်းရင်းသားစည်းလုံးညီညွတ်ရေးပါတီ,485,2015,36,M,ကယားပြည်နယ် ၃
Kayah State,,Kayah State 11,Amyotha,ဦးလှမောင်,ပြည်ထောင်စုကြံ့ခိုင်ရေးနှင့်ဖွံ့ဖြိုးရေးပါတီ,491,2015,73,M,ကယားပြည်နယ် ၁၁
Kayah State,,Kayah State 10,Amyotha,ဦးစောဆာကဘရူရှီး,လူမျိုးပေါင်းစုံဒီမိုကရေစီပါတီ(ကယားပြည်နယ်),496,2015,33,M,ကယားပြည်နယ် ၁၀
Kayah State,,Kayah State 6,Amyotha,ဦးပေါလူ,ကယားလူမျိုးစုဒီမိုကရေစီပါတီ,504,2015,22,M,ကယားပြည်နယ် ၆
Kayah State,,Kayah State 9,Amyotha,ဦးအောင်သိန်း,ပြည်ထောင်စုကြံ့ခိုင်ရေးနှင့်ဖွံ့ဖြိုးရေးပါတီ,568,2015,94,M,ကယားပြည်နယ် ၉
Kayah State,,Kayah State 4,Amyotha,ဦးစောဒယ်နီယယ်,ကယားလူမျိုးစုဒီမိုကရေစီပါတီ,619,2015,30,M,ကယားပြည်နယ် ၄
Kayah State,,Kayah State 8,Amyotha,ဦးမျိုးတင့်,အမျိုးသားဒီမိုကရေစီအဖွဲ့ချုပ်ပါတီ,636,2015,97,M,ကယားပြည်နယ် ၈
Kayah State,,Kayah State 2,Amyotha,ဦးကျော်လှိုင်လေး,တစ်သီးပုဂ္ဂလ,667,2015,41,M,ကယားပြည်နယ် ၂
Kayah State,,Kayah State 7,Amyotha,ဦးအောင်မင်း,တစ်သီးပုဂ္ဂလ,671,2015,99,M,ကယားပြည်နယ် ၇
Kayah State,,Kayah State 3,Amyotha,ဦးဖတ်ရီ,အမျိုးသားတိုးတက်ရေးပါတီ,681,2015,12,M,ကယားပြည်နယ် ၃
Kayah State,,Kayah State 4,Amyotha,ဦးစိုးထွန်း,အမျိုးသားတိုးတက်ရေးပါတီ,707,2015,32,M,ကယားပြည်နယ် ၄
Kayah State,,Kayah State 1,Amyotha,ဦးစိုင်းနော်မှိုင်း,ရှမ်းတိုင်းရင်းသားများဒီမိုကရေစီအဖွဲ့ချုပ်ပါတီ,731,2015,37,M,ကယားပြည်နယ် ၁
Kayah State,,Kayah State 3,Amyotha,ဦးဗျားရယ်(ခ)ဘျားရယ်,ကယားလူမျိုးစုဒီမိုကရေစီပါတီ,741,2015,34,M,ကယားပြည်နယ် ၃
Kayah State,,Kayah State 6,Amyotha,ဦးဆားရယ်,ပြည်ထောင်စုကြံ့ခိုင်ရေးနှင့်ဖွံ့ဖြိုးရေးပါတီ,824,2015,367,M,ကယားပြည်နယ် ၆
Kayah State,,Kayah State 2,Amyotha,ဦးဇော်မင်းထူး,အမျိုးသားတိုးတက်ရေးပါတီ,896,2015,47,M,ကယားပြည်နယ် ၂
Kayah State,,Kayah State 4,Amyotha,ဦးရိုမောင်းဒို,လူမျိုးပေါင်းစုံဒီမိုကရေစီပါတီ(ကယားပြည်နယ်),927,2015,50,M,ကယားပြည်နယ် ၄
Kayah State,,Kayah State 2,Amyotha,ဦးစောထဲနစင်,လူမျိုးပေါင်းစုံဒီမိုကရေစီပါတီ(ကယားပြည်နယ်),980,2015,46,M,ကယားပြည်နယ် ၂
Kayah State,,Kayah State 1,Amyotha,ဦးတူရယ်,အမျိုးသားတိုးတက်ရေးပါတီ,991,2015,48,M,ကယားပြည်နယ် ၁
Kayah State,,Kayah State 9,Amyotha,ဦးစိုးသိန်း,တစ်သီးပုဂ္ဂလ,1005,2015,401,M,ကယားပြည်နယ် ၉
Kayah State,,Kayah State 3,Amyotha,ဦးဖိုးရယ်,လူမျိုးပေါင်းစုံဒီမိုကရေစီပါတီ(ကယားပြည်နယ်),1060,2015,26,M,ကယားပြည်နယ် ၃
Kayah State,,Kayah State 3,Amyotha,ဦးဂျိုဝါးနီ-လနီ,ကယန်းအမျိုးသားပါတီ,1082,2015,30,M,ကယားပြည်နယ် ၃
Kayah State,,Kayah State 8,Amyotha,ဦးကျော်သန်း,ပြည်ထောင်စုကြံ့ခိုင်ရေးနှင့်ဖွံ့ဖြိုးရေးပါတီ,1083,2015,553,M,ကယားပြည်နယ် ၈
Kayah State,,Kayah State 1,Amyotha,ဦးရီးရယ်ကျော်ညွန့်,တိုင်းရင်းသားစည်းလုံးညီညွတ်ရေးပါတီ,1086,2015,102,M,ကယားပြည်နယ် ၁
Kayah State,,Kayah State 10,Amyotha,ဦးစိုင်းသာစိန်,ပြည်ထောင်စုကြံ့ခိုင်ရေးနှင့်ဖွံ့ဖြိုးရေးပါတီ,1108,2015,348,M,ကယားပြည်နယ် ၁၀
Kayah State,,Kayah State 2,Amyotha,ဦးအုန်းဖေလေး,ကယားလူမျိုးစုဒီမိုကရေစီပါတီ,1124,2015,73,M,ကယားပြည်နယ် ၂
Kayah State,,Kayah State 2,Amyotha,ဦးအောင်နိုင်,တိုင်းရင်းသားစည်းလုံးညီညွတ်ရေးပါတီ,1149,2015,75,M,ကယားပြည်နယ် ၂
Kayah State,,Kayah State 5,Amyotha,ဦးဆန်းရယ်,ပြည်ထောင်စုကြံ့ခိုင်ရေးနှင့်ဖွံ့ဖြိုးရေးပါတီ,1173,2015,234,M,ကယားပြည်နယ် ၅
Kayah State,,Kayah State 5,Amyotha,ဦးရှေးဖဲ,လူမျိုးပေါင်းစုံဒီမိုကရေစီပါတီ(ကယားပြည်နယ်),1221,2015,92,M,ကယားပြည်နယ် ၅
Kayah State,,Kayah State 7,Amyotha,ဦးအောင်ကျော်စိုး,အမျိုးသားဒီမိုကရေစီအဖွဲ့ချုပ်ပါတီ,1346,2015,85,M,ကယားပြည်နယ် ၇
Kayah State,,Kayah State 12,Amyotha,ဦးစိုင်းပန်ဖ,အမျိုးသားဒီမိုကရေစီအဖွဲ့ချုပ်ပါတီ,1388,2015,85,M,ကယားပြည်နယ် ၁၂
Kayah State,,Kayah State 1,Amyotha,ဦးဦးရယ်,ကယားလူမျိုးစုဒီမိုကရေစီပါတီ,1454,2015,71,M,ကယားပြည်နယ် ၁
Kayah State,,Kayah State 11,Amyotha,ဒေါ်နော်မြစေး,အမျိုးသားဒီမိုကရေစီအဖွဲ့ချုပ်ပါတီ,1489,2015,80,F,ကယားပြည်နယ် ၁၁
Kayah State,,Kayah State 1,Amyotha,ဦးစိုးရယ်,လူမျိုးပေါင်းစုံဒီမိုကရေစီပါတီ(ကယားပြည်နယ်),2225,2015,68,M,ကယားပြည်နယ် ၁
Kayah State,,Kayah State 4,Amyotha,ဦးမောင်လျို့,ကယန်းအမျိုးသားပါတီ,2339,2015,92,M,ကယားပြည်နယ် ၄
Kayah State,,Kayah State 6,Amyotha,ဒေါ်လွီးဇာ,အမျိုးသားဒီမိုကရေစီအဖွဲ့ချုပ်ပါတီ,2488,2015,88,F,ကယားပြည်နယ် ၆
Kayah State,,Kayah State 5,Amyotha,ဒေါ်ရှားမူ,အမျိုးသားဒီမိုကရေစီအဖွဲ့ချုပ်ပါတီ,2859,2015,233,F,ကယားပြည်နယ် ၅
Kayah State,,Kayah State 4,Amyotha,ဒေါ်နော်မေးရီယန်,ပြည်ထောင်စုကြံ့ခိုင်ရေးနှင့်ဖွံ့ဖြိုးရေးပါတီ,3087,2015,233,F,ကယားပြည်နယ် ၄
Kayah State,,Kayah State 3,Amyotha,ဦးကျော်ဆွေ,ပြည်ထောင်စုကြံ့ခိုင်ရေးနှင့်ဖွံ့ဖြိုးရေးပါတီ,3351,2015,566,M,ကယားပြည်နယ် ၃
Kayah State,,Kayah State 1,Amyotha,ဦးပီမောင်စိုး,ပြည်ထောင်စုကြံ့ခိုင်ရေးနှင့်ဖွံ့ဖြိုးရေးပါတီ,7038,2015,1116,M,ကယားပြည်နယ် ၁
Kayah State,,Kayah State 2,Amyotha,ဦးလူရယ်ဘိုးလူ,ပြည်ထောင်စုကြံ့ခိုင်ရေးနှင့်ဖွံ့ဖြိုးရေးပါတီ,7103,2015,1192,M,ကယားပြည်နယ် ၂
Kayah State,,Kayah State 3,Amyotha,ဦးဘော်ရယ်စိုးဝေ,အမျိုးသားဒီမိုကရေစီအဖွဲ့ချုပ်ပါတီ,7970,2015,192,M,ကယားပြည်နယ် ၃
Kayah State,,Kayah State 4,Amyotha,ဦးစောစိန်ထွန်း,အမျိုးသားဒီမိုကရေစီအဖွဲ့ချုပ်ပါတီ,9712,2015,318,M,ကယားပြည်နယ် ၄
Kayah State,,Kayah State 2,Amyotha,ဦးရှေးရယ်ရှုမောင်,အမျိုးသားဒီမိုကရေစီအဖွဲ့ချုပ်ပါတီ,13449,2015,638,M,ကယားပြည်နယ် ၂
Kayah State,,Kayah State 1,Amyotha,ဦးဖြေရယ်(ခ)ဦးမြင့်သန်းထွန်း,အမျိုးသားဒီမိုကရေစီအဖွဲ့ချုပ်ပါတီ,15056,2015,707,M,ကယားပြည်နယ် ၁
Kayin State,,Kayin State 5,Amyotha,ဦးစောမာဘယ်,ကရင်ပြည်သူ့ပါတီ,73,2015,14,M,ကရင်ပြည်နယ် ၅
Kayin State,,Kayin State 6,Amyotha,ဦးစောမျိုးမြင့်,ဖလုံ-စဝေါ် ဒီမိုကရက်တစ်ပါတီ,159,2015,18,M,ကရင်ပြည်နယ် ၆
Kayin State,,Kayin State 12,Amyotha,ဦးစောကျော်ဒင်,ကရင်ဒီမိုကရက်တစ်ပါတီ,199,2015,7,M,ကရင်ပြည်နယ် ၁၂
Kayin State,,Kayin State 12,Amyotha,ဦးမင်းသန်းတင်,အမျိုးသားဒီမိုကရေစီအင်အားစုပါတီ,207,2015,19,M,ကရင်ပြည်နယ် ၁၂
Kayin State,,Kayin State 12,Amyotha,ဦးစောဆင်မြူရယ်,ကရင်ပြည်သူ့ပါတီ,222,2015,12,M,ကရင်ပြည်နယ် ၁၂
Kayin State,,Kayin State 6,Amyotha,ဦးဘအေး,တစ်သီးပုဂ္ဂလ,226,2015,13,M,ကရင်ပြည်နယ် ၆
Kayin State,,Kayin State 11,Amyotha,ဦးစောကြည်အေး,တိုင်းရင်းသားစည်းလုံးညီညွတ်ရေးပါတီ,229,2015,51,M,ကရင်ပြည်နယ် ၁၁
Kayin State,,Kayin State 4,Amyotha,ဦးသန်းထိုက်စိုး,အမျိုးသားဒီမိုကရေစီအင်အားစုပါတီ,297,2015,59,M,ကရင်ပြည်နယ် ၄
Kayin State,,Kayin State 11,Amyotha,ဒေါ်မြမြဝေ,အမျိုးသားဒီမိုကရေစီအင်အားစုပါတီ,375,2015,37,F,ကရင်ပြည်နယ် ၁၁
Kayin State,,Kayin State 12,Amyotha,ဦးမြင့်ဦး,ကရင်ပြည်နယ်ဒီမိုကရေစီနှင့်ဖွံ့ဖြိုးတိုးတက်ရေးပါတီ,384,2015,79,M,ကရင်ပြည်နယ် ၁၂
Kayin State,,Kayin State 11,Amyotha,ဦးစောမြင့်ဦး,ဖလုံ-စဝေါ် ဒီမိုကရက်တစ်ပါတီ,432,2015,48,M,ကရင်ပြည်နယ် ၁၁
Kayin State,,Kayin State 6,Amyotha,ဦးဌေးဝင်း,အမျိုးသားတိုးတက်ရေးပါတီ,448,2015,46,M,ကရင်ပြည်နယ် ၆
Kayin State,,Kayin State 8,Amyotha,ဦးသန်းဦး,တစ်သီးပုဂ္ဂလ,503,2015,1,M,ကရင်ပြည်နယ် ၈
Kayin State,,Kayin State 9,Amyotha,ဦးမန်းသန်းစိုး,အမျိုးသားဒီမိုကရေစီအင်အားစုပါတီ,521,2015,62,M,ကရင်ပြည်နယ် ၉
Kayin State,,Kayin State 12,Amyotha,ဒေါ်ကေသီခိုင်,မွန်ဒေသလုံးဆိုင်ရာဒီမိုကရေစီပါတီ,535,2015,15,F,ကရင်ပြည်နယ် ၁၂
Kayin State,,Kayin State 11,Amyotha,ဦးစောသိန်းဝင်းစိုး,ကရင်ပြည်သူ့ပါတီ,577,2015,54,M,ကရင်ပြည်နယ် ၁၁
Kayin State,,Kayin State 10,Amyotha,ဦးစောသိန်းညွန့်,အမျိုးသားဒီမိုကရေစီအင်အားစုပါတီ,587,2015,54,M,ကရင်ပြည်နယ် ၁၀
Kayin State,,Kayin State 8,Amyotha,ဦးစောမျိုးသိန်း,အမျိုးသားဒီမိုကရေစီအင်အားစုပါတီ,638,2015,1,M,ကရင်ပြည်နယ် ၈
Kayin State,,Kayin State 8,Amyotha,ဦးဗိုလ်စိန်,တိုင်းရင်းသားစည်းလုံးညီညွတ်ရေးပါတီ,644,2015,1,M,ကရင်ပြည်နယ် ၈
Kayin State,,Kayin State 8,Amyotha,ဦးဝင်းမြင့်သိန်း,၈၈မျိုးဆက်ကျောင်းသားလူငယ်များ(ပြည်ထောင်စုမြန်မာနိုင်ငံ)ပါတီ,646,2015,0,M,ကရင်ပြည်နယ် ၈
Kayin State,,Kayin State 6,Amyotha,ဦးကြည်စိုးထွန်း,တိုင်းရင်းသားစည်းလုံးညီညွတ်ရေးပါတီ,655,2015,40,M,ကရင်ပြည်နယ် ၆
Kayin State,,Kayin State 9,Amyotha,ဦးစောကျော်လွင်,တိုင်းရင်းသားစည်းလုံးညီညွတ်ရေးပါတီ,687,2015,103,M,ကရင်ပြည်နယ် ၉
Kayin State,,Kayin State 10,Amyotha,ဦးဝင်းဖေ,အမျိုးသားတိုးတက်ရေးပါတီ,733,2015,40,M,ကရင်ပြည်နယ် ၁၀
Kayin State,,Kayin State 9,Amyotha,ဦးကျော်ပိုက်,ကရင်ဒီမိုကရက်တစ်ပါတီ,762,2015,52,M,ကရင်ပြည်နယ် ၉
Kayin State,,Kayin State 1,Amyotha,ဒေါ်ကျင်ရွှေ,အမျိုးသားဒီမိုကရေစီအင်အားစုပါတီ,766,2015,66,F,ကရင်ပြည်နယ် ၁
Kayin State,,Kayin State 9,Amyotha,ဦးအုန်းမြင့်,အမျိုးသားတိုးတက်ရေးပါတီ,921,2015,72,M,ကရင်ပြည်နယ် ၉
Kayin State,,Kayin State 7,Amyotha,ဦးစောထွန်းလှမြိုင်,ဖလုံ-စဝေါ် ဒီမိုကရက်တစ်ပါတီ,1042,2015,96,M,ကရင်ပြည်နယ် ၇
Kayin State,,Kayin State 12,Amyotha,ဦးစောထယ်ရီ,ဖလုံ-စဝေါ် ဒီမိုကရက်တစ်ပါတီ,1113,2015,90,M,ကရင်ပြည်နယ် ၁၂
Kayin State,,Kayin State 3,Amyotha,ဦးစောသိန်းဟန်,တိုင်းရင်းသားစည်းလုံးညီညွတ်ရေးပါတီ,1161,2015,170,M,ကရင်ပြည်နယ် ၃
Kayin State,,Kayin State 1,Amyotha,ဦးစောထွန်းကြည်,စည်းလုံးညီညွတ်သောကရင်အမျိုးသားဒီမိုကရက်တစ်ပါတီ,1170,2015,145,M,ကရင်ပြည်နယ် ၁
Kayin State,,Kayin State 1,Amyotha,ဦးစံဝင်း,တိုင်းရင်းသားစည်းလုံးညီညွတ်ရေးပါတီ,1182,2015,138,M,ကရင်ပြည်နယ် ၁
Kayin State,,Kayin State 12,Amyotha,ဦးအောင်ဆန်း,မွန်အမျိုးသားပါတီ,1188,2015,66,M,ကရင်ပြည်နယ် ၁၂
Kayin State,,Kayin State 8,Amyotha,ဦးထွန်းထွန်းဝင်း,အမျိုးသားတိုးတက်ရေးပါတီ,1245,2015,0,M,ကရင်ပြည်နယ် ၈
Kayin State,,Kayin State 2,Amyotha,ဒေါ်သန်းသန်းအေး,စည်းလုံးညီညွတ်သောကရင်အမျိုးသားဒီမိုကရက်တစ်ပါတီ,1285,2015,80,F,ကရင်ပြည်နယ် ၂
Kayin State,,Kayin State 8,Amyotha,ဒေါ်နန်းဖြူဖြူဝင်း,ဖလုံ-စဝေါ် ဒီမိုကရက်တစ်ပါတီ,1379,2015,8,F,ကရင်ပြည်နယ် ၈
Kayin State,,Kayin State 3,Amyotha,ဒေါ်နန်းနှင်းနှင်းဝေ,ကရင်ပြည်နယ်ဒီမိုကရေစီနှင့်ဖွံ့ဖြိုးတိုးတက်ရေးပါတီ,1444,2015,209,F,ကရင်ပြည်နယ် ၃
Kayin State,,Kayin State 2,Amyotha,ဒေါ်ကြည်ဝင်း,တိုင်းရင်းသားစည်းလုံးညီညွတ်ရေးပါတီ,1510,2015,160,F,ကရင်ပြည်နယ် ၂
Kayin State,,Kayin State 5,Amyotha,ဦးစောမြထွန်း,အမျိုးသားဒီမိုကရေစီအဖွဲ့ချုပ်ပါတီ,1679,2015,162,M,ကရင်ပြည်နယ် ၅
Kayin State,,Kayin State 8,Amyotha,ဦးစောမင်းဖုန်းဦး,ကရင်ပြည်နယ်ဒီမိုကရေစီနှင့်ဖွံ့ဖြိုးတိုးတက်ရေးပါတီ,1733,2015,7,M,ကရင်ပြည်နယ် ၈
Kayin State,,Kayin State 1,Amyotha,ဦးမြင့်ဦး(ခ)ဆရာပေါင်ချိန်,အမျိုးသားတိုးတက်ရေးပါတီ,1746,2015,127,M,ကရင်ပြည်နယ် ၁
Kayin State,,Kayin State 5,Amyotha,ဦးစိုင်းသန်းနိုင်,ပြည်ထောင်စုကြံ့ခိုင်ရေးနှင့်ဖွံ့ဖြိုးရေးပါတီ,1807,2015,853,M,ကရင်ပြည်နယ် ၅
Kayin State,,Kayin State 6,Amyotha,ဒေါ်နန်းနီနီအေး,ပြည်ထောင်စုကြံ့ခိုင်ရေးနှင့်ဖွံ့ဖြိုးရေးပါတီ,1889,2015,611,F,ကရင်ပြည်နယ် ၆
Kayin State,,Kayin State 6,Amyotha,ဦးသက်ဆန်းဦး,အမျိုးသားဒီမိုကရေစီအဖွဲ့ချုပ်ပါတီ,1991,2015,110,M,ကရင်ပြည်နယ် ၆
Kayin State,,Kayin State 3,Amyotha,ဦးဝင်းနိုင်,အမျိုးသားတိုးတက်ရေးပါတီ,2158,2015,268,M,ကရင်ပြည်နယ် ၃
Kayin State,,Kayin State 2,Amyotha,ဦးသန်းဌေး,အမျိုးသားတိုးတက်ရေးပါတီ,2214,2015,251,M,ကရင်ပြည်နယ် ၂
Kayin State,,Kayin State 1,Amyotha,ဦးခွန်တင်ဝင်း,ပအိုဝ်းအမျိုးသားအဖွဲ့ချုပ်(PNO)ပါတီ,2273,2015,234,M,ကရင်ပြည်နယ် ၁
Kayin State,,Kayin State 1,Amyotha,ဦးစောအောင်ရွှေ,ကရင်ဒီမိုကရက်တစ်ပါတီ,2296,2015,144,M,ကရင်ပြည်နယ် ၁
Kayin State,,Kayin State 4,Amyotha,ဦးစောရဲဝင်းနိုင်,ကရင်ဒီမိုကရက်တစ်ပါတီ,2717,2015,584,M,ကရင်ပြည်နယ် ၄
Kayin State,,Kayin State 4,Amyotha,ဦးစောအောင်ကျော်မိုး,အမျိုးသားတိုးတက်ရေးပါတီ,2782,2015,353,M,ကရင်ပြည်နယ် ၄
Kayin State,,Kayin State 8,Amyotha,ဒေါ်နော်ရီးနာ,ကရင်ပြည်သူ့ပါတီ,3036,2015,75,F,ကရင်ပြည်နယ် ၈
Kayin State,,Kayin State 9,Amyotha,ဦးမင်းအောင်လင်း,ဖလုံ-စဝေါ် ဒီမိုကရက်တစ်ပါတီ,3048,2015,237,M,ကရင်ပြည်နယ် ၉
Kayin State,,Kayin State 12,Amyotha,ဒေါ်နော်တင်တင်ဝင်း,ပြည်ထောင်စုကြံ့ခိုင်ရေးနှင့်ဖွံ့ဖြိုးရေးပါတီ,3060,2015,370,F,ကရင်ပြည်နယ် ၁၂
Kayin State,,Kayin State 2,Amyotha,ဒေါ်နန်းသန္တာအေး,ကရင်ပြည်နယ်ဒီမိုကရေစီနှင့်ဖွံ့ဖြိုးတိုးတက်ရေးပါတီ,3203,2015,2433,F,ကရင်ပြည်နယ် ၂
Kayin State,,Kayin State 4,Amyotha,ဦးစောအုံးသင်,ဖလုံ-စဝေါ် ဒီမိုကရက်တစ်ပါတီ,3539,2015,663,M,ကရင်ပြည်နယ် ၄
Kayin State,,Kayin State 3,Amyotha,ဦးစောဘလွင်,ဖလုံ-စဝေါ် ဒီမိုကရက်တစ်ပါတီ,3766,2015,460,M,ကရင်ပြည်နယ် ၃
Kayin State,,Kayin State 11,Amyotha,ဦးစောမြဝင်း,ပြည်ထောင်စုကြံ့ခိုင်ရေးနှင့်ဖွံ့ဖြိုးရေးပါတီ,3846,2015,1071,M,ကရင်ပြည်နယ် ၁၁
Kayin State,,Kayin State 10,Amyotha,ဒေါ်နော်ယုဇနဝါ,ဖလုံ-စဝေါ် ဒီမိုကရက်တစ်ပါတီ,3852,2015,364,F,ကရင်ပြည်နယ် ၁၀
Kayin State,,Kayin State 1,Amyotha,ဦးနိုင်ထွန်းဖေ,မွန်အမျိုးသားပါတီ,4079,2015,401,M,ကရင်ပြည်နယ် ၁
Kayin State,,Kayin State 4,Amyotha,ဦးစောလင်းခင်,ပြည်ထောင်စုကြံ့ခိုင်ရေးနှင့်ဖွံ့ဖြိုးရေးပါတီ,4985,2015,1823,M,ကရင်ပြည်နယ် ၄
Kayin State,,Kayin State 11,Amyotha,ဒေါ်နော်ဆာမူထူး,အမျိုးသားဒီမိုကရေစီအဖွဲ့ချုပ်ပါတီ,5103,2015,331,F,ကရင်ပြည်နယ် ၁၁
Kayin State,,Kayin State 10,Amyotha,ဦးမင်းမျိုးတင့်လွင်,မွန်ဒေသလုံးဆိုင်ရာဒီမိုကရေစီပါတီ,5721,2015,415,M,ကရင်ပြည်နယ် ၁၀
Kayin State,,Kayin State 7,Amyotha,ဦးစောလှမောင်,ပြည်ထောင်စုကြံ့ခိုင်ရေးနှင့်ဖွံ့ဖြိုးရေးပါတီ,5730,2015,1035,M,ကရင်ပြည်နယ် ၇
Kayin State,,Kayin State 1,Amyotha,စောအောင်ကျော်နိုင်(ခ)ရှားဘူးဖေါ့,ဖလုံ-စဝေါ် ဒီမိုကရက်တစ်ပါတီ,5932,2015,541,M,ကရင်ပြည်နယ် ၁
Kayin State,,Kayin State 3,Amyotha,ဒေါ်နန်းရီရီထွေး,ပြည်ထောင်စုကြံ့ခိုင်ရေးနှင့်ဖွံ့ဖြိုးရေးပါတီ,6161,2015,1950,F,ကရင်ပြည်နယ် ၃
Kayin State,,Kayin State 12,Amyotha,ဦးစောယှားဖောင်အွာ,အမျိုးသားဒီမိုကရေစီအဖွဲ့ချုပ်ပါတီ,6527,2015,278,M,ကရင်ပြည်နယ် ၁၂
Kayin State,,Kayin State 10,Amyotha,ဦးမင်းချစ်သိုင်း,ပြည်ထောင်စုကြံ့ခိုင်ရေးနှင့်ဖွံ့ဖြိုးရေးပါတီ,6848,2015,1202,M,ကရင်ပြည်နယ် ၁၀
Kayin State,,Kayin State 8,Amyotha,ဒေါက်တာစောဇော်လင်း,ပြည်ထောင်စုကြံ့ခိုင်ရေးနှင့်ဖွံ့ဖြိုးရေးပါတီ,7412,2015,2512,M,ကရင်ပြည်နယ် ၈
Kayin State,,Kayin State 2,Amyotha,ဦးစောခင်မောင်မြင့်,ဖလုံ-စဝေါ် ဒီမိုကရက်တစ်ပါတီ,7493,2015,1015,M,ကရင်ပြည်နယ် ၂
Kayin State,,Kayin State 9,Amyotha,ဦးစောရောဘတ်,ပြည်ထောင်စုကြံ့ခိုင်ရေးနှင့်ဖွံ့ဖြိုးရေးပါတီ,9016,2015,2285,M,ကရင်ပြည်နယ် ၉
Kayin State,,Kayin State 4,Amyotha,ဒေါ်နန်းမိုးမိုးထွေး,အမျိုးသားဒီမိုကရေစီအဖွဲ့ချုပ်ပါတီ,10057,2015,1357,F,ကရင်ပြည်နယ် ၄
Kayin State,,Kayin State 10,Amyotha,ဒေါက်တာမျိုးအောင်,အမျိုးသားဒီမိုကရေစီအဖွဲ့ချုပ်ပါတီ,10239,2015,897,M,ကရင်ပြည်နယ် ၁၀
Kayin State,,Kayin State 1,Amyotha,ဦးစောကြိုင်ထွေး,ပြည်ထောင်စုကြံ့ခိုင်ရေးနှင့်ဖွံ့ဖြိုးရေးပါတီ,10912,2015,2737,M,ကရင်ပြည်နယ် ၁
Kayin State,,Kayin State 7,Amyotha,ဦးစောထွန်းအောင်မြင့်,ကရင်ပြည်သူ့ပါတီ,10972,2015,1435,M,ကရင်ပြည်နယ် ၇
Kayin State,,Kayin State 9,Amyotha,ဦးစောဘီစံသိန်းမြင့်,အမျိုးသားဒီမိုကရေစီအဖွဲ့ချုပ်ပါတီ,12713,2015,911,M,ကရင်ပြည်နယ် ၉
Kayin State,,Kayin State 7,Amyotha,ဒေါ်နော်ခရစ္စထွန်း(ခေါ်)ဒေါက်တာအားကာမို,အမျိုးသားဒီမိုကရေစီအဖွဲ့ချုပ်ပါတီ,13375,2015,1242,F,ကရင်ပြည်နယ် ၇
Kayin State,,Kayin State 2,Amyotha,ဦးနိုင်မောင်မောင်လွင်,ပြည်ထောင်စုကြံ့ခိုင်ရေးနှင့်ဖွံ့ဖြိုးရေးပါတီ,15616,2015,4085,M,ကရင်ပြည်နယ် ၂
Kayin State,,Kayin State 3,Amyotha,ဦးစောချစ်ဦး,အမျိုးသားဒီမိုကရေစီအဖွဲ့ချုပ်ပါတီ,18946,2015,1989,M,ကရင်ပြည်နယ် ၃
Kayin State,,Kayin State 8,Amyotha,ဦးမန်းဝင်းခိုင်သန်း,အမျိုးသားဒီမိုကရေစီအဖွဲ့ချုပ်ပါတီ,21629,2015,23,M,ကရင်ပြည်နယ် ၈
Kayin State,,Kayin State 1,Amyotha,ဦးစောမိုးမြင့်(ခ)ဆင်မြူရယ်,အမျိုးသားဒီမိုကရေစီအဖွဲ့ချုပ်ပါတီ,32067,2015,2782,M,ကရင်ပြည်နယ် ၁
Kayin State,,Kayin State 2,Amyotha,ဦးစောသန်းထွဋ်,အမျိုးသားဒီမိုကရေစီအဖွဲ့ချုပ်ပါတီ,35190,2015,2994,M,ကရင်ပြည်နယ် ၂
Magway Region,,Magway Region 10,Amyotha,ဦးမျိုးလွင်ဦး,,949,2015,101,M,မကွေးတိုင်းဒေသကြီး ၁၀
Magway Region,,Magway Region 4,Amyotha,ဦးလှမြင့်,,1007,2015,60,M,မကွေးတိုင်းဒေသကြီး ၄
Magway Region,,Magway Region 1,Amyotha,ဦးသိန်းမျိုးလွင်,,1115,2015,68,M,မကွေးတိုင်းဒေသကြီး ၁
Magway Region,,Magway Region 1,Amyotha,ဦးမျိုးဌေး,,1154,2015,81,M,မကွေးတိုင်းဒေသကြီး ၁
Magway Region,,Magway Region 3,Amyotha,ဦးညွန့်မောင်,,1637,2015,98,M,မကွေးတိုင်းဒေသကြီး ၃
Magway Region,,Magway Region 1,Amyotha,ဦးကိုကိုမောင်,,1674,2015,84,M,မကွေးတိုင်းဒေသကြီး ၁
Magway Region,,Magway Region 12,Amyotha,ဦးမြင့်အောင်,,1920,2015,261,M,မကွေးတိုင်းဒေသကြီး ၁၂
Magway Region,,Magway Region 5,Amyotha,ဦးမြင့်ဦး(ခ)ဦးဗိုလ်မြင့်,,2048,2015,115,M,မကွေးတိုင်းဒေသကြီး ၅
Magway Region,,Magway Region 3,Amyotha,ဦးဇေယျာလှ,,2416,2015,159,M,မကွေးတိုင်းဒေသကြီး ၃
Magway Region,,Magway Region 5,Amyotha,ဦးဝင်းဇော်,,2452,2015,99,M,မကွေးတိုင်းဒေသကြီး ၅
Magway Region,,Magway Region 5,Amyotha,ဦးစောသွင်,,2499,2015,180,M,မကွေးတိုင်းဒေသကြီး ၅
Magway Region,,Magway Region 2,Amyotha,ဦးအောင်ကိုကို,,2510,2015,184,M,မကွေးတိုင်းဒေသကြီး ၂
Magway Region,,Magway Region 2,Amyotha,ဒေါ်မိုးမိုးကြည်,,2722,2015,146,F,မကွေးတိုင်းဒေသကြီး ၂
Magway Region,,Magway Region 2,Amyotha,ဦးအောင်ကြည်,,2862,2015,251,M,မကွေးတိုင်းဒေသကြီး ၂
Magway Region,,Magway Region 1,Amyotha,ဦးရဲဝင်း,,2945,2015,191,M,မကွေးတိုင်းဒေသကြီး ၁
Magway Region,,Magway Region 8,Amyotha,ဦးဉာဏ်လင်းအောင်,,3073,2015,158,M,မကွေးတိုင်းဒေသကြီး ၈
Magway Region,,Magway Region 10,Amyotha,ဦးကျော်စိန်,,3113,2015,230,M,မကွေးတိုင်းဒေသကြီး ၁၀
Magway Region,,Magway Region 11,Amyotha,ဦးစန်းမောင်,,3521,2015,177,M,မကွေးတိုင်းဒေသကြီး ၁၁
Magway Region,,Magway Region 9,Amyotha,ဒေါ်မာမာခိုင်ဝေ,,3658,2015,138,F,မကွေးတိုင်းဒေသကြီး ၉
Magway Region,,Magway Region 7,Amyotha,ဦးဝင်းမွန်(ဦးဝင်းကြည်),,3954,2015,261,M,မကွေးတိုင်းဒေသကြီး ၇
Magway Region,,Magway Region 9,Amyotha,ဦးဇော်မိုးသိန်း,,3960,2015,204,M,မကွေးတိုင်းဒေသကြီး ၉
Magway Region,,Magway Region 7,Amyotha,ဦးအုန်းသန်း,,4353,2015,303,M,မကွေးတိုင်းဒေသကြီး ၇
Magway Region,,Magway Region 4,Amyotha,ဦးနန်းဝင်း,,4354,2015,202,M,မကွေးတိုင်းဒေသကြီး ၄
Magway Region,,Magway Region 12,Amyotha,ဦးဖေညို,,4584,2015,475,M,မကွေးတိုင်းဒေသကြီး ၁၂
Magway Region,,Magway Region 4,Amyotha,ဦးအောင်စိန်မြင့်,,4986,2015,296,M,မကွေးတိုင်းဒေသကြီး ၄
Magway Region,,Magway Region 9,Amyotha,ဦးအောင်သောင်း,,5577,2015,282,M,မကွေးတိုင်းဒေသကြီး ၉
Magway Region,,Magway Region 3,Amyotha,ဦးကြီးညို,,6813,2015,312,M,မကွေးတိုင်းဒေသကြီး ၃
Magway Region,,Magway Region 3,Amyotha,ဦးဝါလင်း,,8125,2015,242,M,မကွေးတိုင်းဒေသကြီး ၃
Magway Region,,Magway Region 7,Amyotha,ဦးကျော်ဝင်း,,11631,2015,1047,M,မကွေးတိုင်းဒေသကြီး ၇
Magway Region,,Magway Region 11,Amyotha,ဦးဌေးနိုင်,,11937,2015,370,M,မကွေးတိုင်းဒေသကြီး ၁၁
Magway Region,,Magway Region 6,Amyotha,ဦးစိုးမြင့်,,12488,2015,676,M,မကွေးတိုင်းဒေသကြီး ၆
Magway Region,,Magway Region 12,Amyotha,ဦးလှဆွေ,,33442,2015,3671,M,မကွေးတိုင်းဒေသကြီး ၁၂
Magway Region,,Magway Region 3,Amyotha,ဦးဆန်းညွန့်အောင်,,37432,2015,2577,M,မကွေးတိုင်းဒေသကြီး ၃
Magway Region,,Magway Region 10,Amyotha,ဦးတင်မောင်ကျော်,,37989,2015,3515,M,မကွေးတိုင်းဒေသကြီး ၁၀
Magway Region,,Magway Region 1,Amyotha,ဦးဟန်မောင်,,38487,2015,3838,M,မကွေးတိုင်းဒေသကြီး ၁
Magway Region,,Magway Region 2,Amyotha,ဦးအောင်ငြိမ်း,,39928,2015,4497,M,မကွေးတိုင်းဒေသကြီး ၂
Magway Region,,Magway Region 4,Amyotha,ဦးခင်ဇော်,,40795,2015,3205,M,မကွေးတိုင်းဒေသကြီး ၄
Magway Region,,Magway Region 9,Amyotha,ဦးသိန်းထွန်း,,45702,2015,4192,M,မကွေးတိုင်းဒေသကြီး ၉
Magway Region,,Magway Region 6,Amyotha,ဦးစိုးမြင့်,,49464,2015,5479,M,မကွေးတိုင်းဒေသကြီး ၆
Magway Region,,Magway Region 5,Amyotha,ဦးကျော်သူဦး,,51916,2015,4690,M,မကွေးတိုင်းဒေသကြီး ၅
Magway Region,,Magway Region 8,Amyotha,ဦးတင်ဝင်း,,56866,2015,5034,M,မကွေးတိုင်းဒေသကြီး ၈
Magway Region,,Magway Region 11,Amyotha,ဦးအောင်ထွန်း,,61399,2015,4188,M,မကွေးတိုင်းဒေသကြီး ၁၁
Magway Region,,Magway Region 7,Amyotha,ဦးကြည်မင်း,,68462,2015,7259,M,မကွေးတိုင်းဒေသကြီး ၇
Magway Region,,Magway Region 10,Amyotha,ဒေါက်တာကျော်ငွေ,,77581,2015,3785,M,မကွေးတိုင်းဒေသကြီး ၁၀
Magway Region,,Magway Region 4,Amyotha,ဦးအောင်ကြည်ညွန့်,,78891,2015,4347,M,မကွေးတိုင်းဒေသကြီး ၄
Magway Region,,Magway Region 12,Amyotha,ဦးပြူးလွင်,,102223,2015,6682,M,မကွေးတိုင်းဒေသကြီး ၁၂
Magway Region,,Magway Region 1,Amyotha,ဦးလှဆန်း,,107942,2015,4636,M,မကွေးတိုင်းဒေသကြီး ၁
Magway Region,,Magway Region 6,Amyotha,ဦးဝင်းမောင်,,117966,2015,7215,M,မကွေးတိုင်းဒေသကြီး ၆
Magway Region,,Magway Region 7,Amyotha,ဒေါ်သန်းသန်းအေး,,118590,2015,7417,F,မကွေးတိုင်းဒေသကြီး ၇
Magway Region,,Magway Region 2,Amyotha,ဦးခင်ဝင်း,,123142,2015,6433,M,မကွေးတိုင်းဒေသကြီး ၂
Magway Region,,Magway Region 5,Amyotha,ဦးတင်အောင်ထွန်း,,129997,2015,5660,M,မကွေးတိုင်းဒေသကြီး ၅
Magway Region,,Magway Region 8,Amyotha,ဦးဝင်းမြင့်,,130001,2015,6082,M,မကွေးတိုင်းဒေသကြီး ၈
Magway Region,,Magway Region 3,Amyotha,ဦးချစ်ထွေး,,132002,2015,5179,M,မကွေးတိုင်းဒေသကြီး ၃
Magway Region,,Magway Region 11,Amyotha,ဦးကျော်ဆွေ,,133817,2015,6024,M,မကွေးတိုင်းဒေသကြီး ၁၁
Magway Region,,Magway Region 9,Amyotha,ဦးမြမင်းဆွေ,,150393,2015,6136,M,မကွေးတိုင်းဒေသကြီး ၉
Mandalay Region,,Mandalay Region 5,Amyotha,ဒေါ်နှင်းနှင်းမွှေး,,2298,2015,61,F,မန္တလေးတိုင်းဒေသကြီး ၅
Mandalay Region,,Mandalay Region 5,Amyotha,ဦးကျော်ရင်,,3101,2015,206,M,မန္တလေးတိုင်းဒေသကြီး ၅
Mandalay Region,,Mandalay Region 2,Amyotha,ဦးဝေဖြိုးဇော်,,4216,2015,129,M,မန္တလေးတိုင်းဒေသကြီး ၂
Mandalay Region,,Mandalay Region 11,Amyotha,ဦးဇော်လွင်,,4700,2015,237,M,မန္တလေးတိုင်းဒေသကြီး ၁၁
Mandalay Region,,Mandalay Region 5,Amyotha,ဦးအောင်ကျော်သိန်း,,5207,2015,245,M,မန္တလေးတိုင်းဒေသကြီး ၅
Mandalay Region,,Mandalay Region 10,Amyotha,ဦးဇော်နိုင်ဦး,,5609,2015,341,M,မန္တလေးတိုင်းဒေသကြီး ၁၀
Mandalay Region,,Mandalay Region 1,Amyotha,ဦးမင်းအောင်,,5734,2015,117,M,မန္တလေးတိုင်းဒေသကြီး ၁
Mandalay Region,,Mandalay Region 1,Amyotha,ဦးထွန်းကြည်,,5851,2015,336,M,မန္တလေးတိုင်းဒေသကြီး ၁
Mandalay Region,,Mandalay Region 3,Amyotha,ဦးအောင်သူ,,5930,2015,205,M,မန္တလေးတိုင်းဒေသကြီး ၃
Mandalay Region,,Mandalay Region 2,Amyotha,ဦးအောင်ခိုင်စိုး,,6288,2015,142,M,မန္တလေးတိုင်းဒေသကြီး ၂
Mandalay Region,,Mandalay Region 7,Amyotha,ဦးအောင်မွန်ဟန်,,6497,2015,312,M,မန္တလေးတိုင်းဒေသကြီး ၇
Mandalay Region,,Mandalay Region 10,Amyotha,ဦးကျော်ဝင်း,,6612,2015,498,M,မန္တလေးတိုင်းဒေသကြီး ၁၀
Mandalay Region,,Mandalay Region 6,Amyotha,ဦးမျိုးမောင်မောင်စိုး,,7913,2015,264,M,မန္တလေးတိုင်းဒေသကြီး ၆
Mandalay Region,,Mandalay Region 10,Amyotha,ဦးမြင့်ဦး,,8721,2015,668,M,မန္တလေးတိုင်းဒေသကြီး ၁၀
Mandalay Region,,Mandalay Region 11,Amyotha,ဦးကျော်အောင်,,9258,2015,372,M,မန္တလေးတိုင်းဒေသကြီး ၁၁
Mandalay Region,,Mandalay Region 9,Amyotha,ဦးမြင့်ဦး,,10393,2015,638,M,မန္တလေးတိုင်းဒေသကြီး ၉
Mandalay Region,,Mandalay Region 4,Amyotha,ဒေါ်နှင်းနွယ်ဝင်း,,10721,2015,416,F,မန္တလေးတိုင်းဒေသကြီး ၄
Mandalay Region,,Mandalay Region 4,Amyotha,ဦးတင့်ဆွေ,,12552,2015,438,M,မန္တလေးတိုင်းဒေသကြီး ၄
Mandalay Region,,Mandalay Region 3,Amyotha,ဦးမြင့်စန်း,,15724,2015,469,M,မန္တလေးတိုင်းဒေသကြီး ၃
Mandalay Region,,Mandalay Region 8,Amyotha,ဦးထွန်းအောင်,,16052,2015,657,M,မန္တလေးတိုင်းဒေသကြီး ၈
Mandalay Region,,Mandalay Region 10,Amyotha,ဦးမျိုးညွန့်,,23212,2015,3394,M,မန္တလေးတိုင်းဒေသကြီး ၁၀
Mandalay Region,,Mandalay Region 5,Amyotha,ဦးဇော်မြင့်ဖေ,,39944,2015,3343,M,မန္တလေးတိုင်းဒေသကြီး ၅
Mandalay Region,,Mandalay Region 9,Amyotha,ဦးသန်းဌေး,,43944,2015,5087,M,မန္တလေးတိုင်းဒေသကြီး ၉
Mandalay Region,,Mandalay Region 1,Amyotha,ဒေါက်တာပြေသိန်း,,54867,2015,5188,M,မန္တလေးတိုင်းဒေသကြီး ၁
Mandalay Region,,Mandalay Region 2,Amyotha,ဒေါက်တာလှကြွယ်,,66423,2015,3796,M,မန္တလေးတိုင်းဒေသကြီး ၂
Mandalay Region,,Mandalay Region 10,Amyotha,ဦးမှတ်ကြီး,,72790,2015,6902,M,မန္တလေးတိုင်းဒေသကြီး ၁၀
Mandalay Region,,Mandalay Region 6,Amyotha,ဦးဝင်းမောင်,,73644,2015,5110,M,မန္တလေးတိုင်းဒေသကြီး ၆
Mandalay Region,,Mandalay Region 7,Amyotha,ဦးတင်ဦးလွင်,,75792,2015,5110,M,မန္တလေးတိုင်းဒေသကြီး ၇
Mandalay Region,,Mandalay Region 9,Amyotha,ဦးခင်မောင်ဌေး,,80242,2015,9055,M,မန္တလေးတိုင်းဒေသကြီး ၉
Mandalay Region,,Mandalay Region 11,Amyotha,ဦးကျော်မင်း,,97966,2015,4401,M,မန္တလေးတိုင်းဒေသကြီး ၁၁
Mandalay Region,,Mandalay Region 8,Amyotha,ဦးသောင်းထွန်း,,103600,2015,4255,M,မန္တလေးတိုင်းဒေသကြီး ၈
Mandalay Region,,Mandalay Region 9,Amyotha,ဦးမောင်မောင်ဆွေ,,108204,2015,4784,M,မန္တလေးတိုင်းဒေသကြီး ၉
Mandalay Region,,Mandalay Region 3,Amyotha,ဦးတင်မောင်ဝင်း,,108518,2015,6530,M,မန္တလေးတိုင်းဒေသကြီး ၃
Mandalay Region,,Mandalay Region 12,Amyotha,ဦးဌေးမောင်,,111143,2015,6321,M,မန္တလေးတိုင်းဒေသကြီး ၁၂
Mandalay Region,,Mandalay Region 6,Amyotha,ဒေါက်တာ ဦးကြွယ်ကြွယ်,,118451,2015,4813,M,မန္တလေးတိုင်းဒေသကြီး ၆
Mandalay Region,,Mandalay Region 12,Amyotha,ဦးကျော်သီဟ,,120733,2015,4144,M,မန္တလေးတိုင်းဒေသကြီး ၁၂
Mandalay Region,,Mandalay Region 11,Amyotha,ဦးစိုးအောင်,,121179,2015,9677,M,မန္တလေးတိုင်းဒေသကြီး ၁၁
Mandalay Region,,Mandalay Region 4,Amyotha,ဦးသန်းထွန်း,,124238,2015,7890,M,မန္တလေးတိုင်းဒေသကြီး ၄
Mandalay Region,,Mandalay Region 10,Amyotha,ဦးကျော်မြင့်ဦး,,139111,2015,6469,M,မန္တလေးတိုင်းဒေသကြီး ၁၀
Mandalay Region,,Mandalay Region 8,Amyotha,ဦးခင်အောင်မြင့်,,149430,2015,8641,M,မန္တလေးတိုင်းဒေသကြီး ၈
Mandalay Region,,Mandalay Region 5,Amyotha,ဦးအောင်မျိုးလတ်,,155571,2015,6707,M,မန္တလေးတိုင်းဒေသကြီး ၅
Mandalay Region,,Mandalay Region 7,Amyotha,ဦးကျော်တုတ်,,185246,2015,7152,M,မန္တလေးတိုင်းဒေသကြီး ၇
Mandalay Region,,Mandalay Region 1,Amyotha,ဒေါက်တာသန်းဝင်း,,238072,2015,7910,M,မန္တလေးတိုင်းဒေသကြီး ၁
Mandalay Region,,Mandalay Region 4,Amyotha,ဒေါ်လှဌေး(ခ)ဒေါ်အုန်းကြည်,,251691,2015,8037,F,မန္တလေးတိုင်းဒေသကြီး ၄
Mandalay Region,,Mandalay Region 3,Amyotha,ဒေါက်တာကျော်သန်းထွန်း(ကန်တုန်),,311161,2015,8248,M,မန္တလေးတိုင်းဒေသကြီး ၃
Mandalay Region,,Mandalay Region 2,Amyotha,ဦးထွန်းထွန်းဦး,,336025,2015,8290,M,မန္တလေးတိုင်းဒေသကြီး ၂
Mon State,,Mon State 9,Amyotha,ဦးမောင်အေး,၈၈မျိုးဆက်ဒီမိုကရေစီပါတီ,254,2015,32,M,မွန်ပြည်နယ် ၉
Mon State,,Mon State 9,Amyotha,ဦးငြိမ်းမောင်,တစ်သီးပုဂ္ဂလ,292,2015,18,M,မွန်ပြည်နယ် ၉
Mon State,,Mon State 11,Amyotha,ဦးသက်ထွန်း,တစ်သီးပုဂ္ဂလ,364,2015,33,M,မွန်ပြည်နယ် ၁၁
Mon State,,Mon State 11,Amyotha,ဒေါ်တင်မာမာလွင်,ဖက်ဒရယ်ပြည်ထောင်စုပါတီ,367,2015,37,F,မွန်ပြည်နယ် ၁၁
Mon State,,Mon State 3,Amyotha,ဦးသိန်းမြင့်,တိုင်းရင်းသားစည်းလုံးညီညွတ်ရေးပါတီ,516,2015,95,M,မွန်ပြည်နယ် ၃
Mon State,,Mon State 8,Amyotha,ဦးအောင်ဝင်း(ခ)နိုင်အောင်ဝင်း,တစ်သီးပုဂ္ဂလ,607,2015,65,M,မွန်ပြည်နယ် ၈
Mon State,,Mon State 8,Amyotha,ဒေါ်သန္တာလွင်,တိုင်းရင်းသားစည်းလုံးညီညွတ်ရေးပါတီ,692,2015,57,F,မွန်ပြည်နယ် ၈
Mon State,,Mon State 10,Amyotha,ဦးအောင်မြိုင်,ပြည်ထောင်စုမြန်မာနိုင်ငံအမျိုးသားနိုင်ငံရေးအဖွဲ့ချုပ်ပါတီ,703,2015,27,M,မွန်ပြည်နယ် ၁၀
Mon State,,Mon State 10,Amyotha,ဦးအောင်ဟိန်း(ခ)နိုင်ဥဿာ,တစ်သီးပုဂ္ဂလ,713,2015,79,M,မွန်ပြည်နယ် ၁၀
Mon State,,Mon State 9,Amyotha,ဦးရွှေမြင့်,အမျိုးသားတိုးတက်ရေးပါတီ,882,2015,81,M,မွန်ပြည်နယ် ၉
Mon State,,Mon State 3,Amyotha,ဦးမင်းလွန်းအောင်,တစ်သီးပုဂ္ဂလ,883,2015,129,M,မွန်ပြည်နယ် ၃
Mon State,,Mon State 5,Amyotha,ဦးစိုးသန်း,တိုင်းရင်းသားစည်းလုံးညီညွတ်ရေးပါတီ,955,2015,84,M,မွန်ပြည်နယ် ၅
Mon State,,Mon State 6,Amyotha,ဦးဝင်းသိန်း,အမျိုးသားဒီမိုကရေစီအင်အားစုပါတီ,1014,2015,59,M,မွန်ပြည်နယ် ၆
Mon State,,Mon State 3,Amyotha,ဒေါ်အေးအေးနွယ်,အမျိုးသားဒီမိုကရေစီအင်အားစုပါတီ,1047,2015,50,F,မွန်ပြည်နယ် ၃
Mon State,,Mon State 5,Amyotha,ဦးထွန်းထွန်းနိုင်,တစ်သီးပုဂ္ဂလ,1069,2015,95,M,မွန်ပြည်နယ် ၅
Mon State,,Mon State 3,Amyotha,ဒေါ်နီနီလွင်,အမျိုးသမီးပါတီ(မွန်),1075,2015,48,F,မွန်ပြည်နယ် ၃
Mon State,,Mon State 6,Amyotha,ဦးစိုးဝင်း,တိုင်းရင်းသားစည်းလုံးညီညွတ်ရေးပါတီ,1146,2015,116,M,မွန်ပြည်နယ် ၆
Mon State,,Mon State 5,Amyotha,ဦးနိုင်ထွန်းအုန်း(ခ)နဲာလဝီမွန်,တစ်သီးပုဂ္ဂလ,1204,2015,60,M,မွန်ပြည်နယ် ၅
Mon State,,Mon State 4,Amyotha,ဦးတင့်ဝေ,တိုင်းရင်းသားစည်းလုံးညီညွတ်ရေးပါတီ,1221,2015,186,M,မွန်ပြည်နယ် ၄
Mon State,,Mon State 11,Amyotha,ဦးခွန်ဝင်းမောင်,အမျိုးသားတိုးတက်ရေးပါတီ,1246,2015,59,M,မွန်ပြည်နယ် ၁၁
Mon State,,Mon State 12,Amyotha,ဦးသိန်းလွင်,တစ်သီးပုဂ္ဂလ,1280,2015,89,M,မွန်ပြည်နယ် ၁၂
Mon State,,Mon State 12,Amyotha,ဦးစောမောင်မျိုး,ကရင်ပြည်သူ့ပါတီ,1310,2015,101,M,မွန်ပြည်နယ် ၁၂
Mon State,,Mon State 2,Amyotha,ဦးမောင်မောင်တာ,အမျိုးသားတိုးတက်ရေးပါတီ,1328,2015,101,M,မွန်ပြည်နယ် ၂
Mon State,,Mon State 12,Amyotha,ဦးသိန်းလွင်,အမျိုးသားတိုးတက်ရေးပါတီ,1678,2015,86,M,မွန်ပြည်နယ် ၁၂
Mon State,,Mon State 3,Amyotha,ဦးစောကျော်လုံးတင်,၈၈မျိုးဆက်ကျောင်းသားလူငယ်များ(ပြည်ထောင်စုမြန်မာနိုင်ငံ)ပါတီ,1764,2015,114,M,မွန်ပြည်နယ် ၃
Mon State,,Mon State 12,Amyotha,ဦးတိုးဝင်း,အမျိုးသားဒီမိုကရေစီအင်အားစုပါတီ,1861,2015,151,M,မွန်ပြည်နယ် ၁၂
Mon State,,Mon State 10,Amyotha,ဒေါ်မီမီလှိုင်ချို,အမျိုးသားဒီမိုကရေစီအင်အားစုပါတီ,1978,2015,143,F,မွန်ပြည်နယ် ၁၀
Mon State,,Mon State 3,Amyotha,ဒေါ်နန်းစန်းစန်းဝင်း,ဖလုံ-စဝေါ် ဒီမိုကရက်တစ်ပါတီ,2051,2015,86,F,မွန်ပြည်နယ် ၃
Mon State,,Mon State 11,Amyotha,ဦးတင်ရီ,တိုင်းရင်းသားစည်းလုံးညီညွတ်ရေးပါတီ,2063,2015,234,M,မွန်ပြည်နယ် ၁၁
Mon State,,Mon State 1,Amyotha,ဦကျော်မျိုးသန့်,အမျိုးသားတိုးတက်ရေးပါတီ,2341,2015,82,M,မွန်ပြည်နယ် ၁
Mon State,,Mon State 10,Amyotha,ဦးသန်းဆွေ,တိုင်းရင်းသားစည်းလုံးညီညွတ်ရေးပါတီ,2372,2015,169,M,မွန်ပြည်နယ် ၁၀
Mon State,,Mon State 10,Amyotha,ဦးစောခင်ဝင်းအောင်,ဖလုံ-စဝေါ် ဒီမိုကရက်တစ်ပါတီ,2431,2015,176,M,မွန်ပြည်နယ် ၁၀
Mon State,,Mon State 1,Amyotha,ဦးတင်လှိုင်,၈၈မျိုးဆက်ကျောင်းသားလူငယ်များ(ပြည်ထောင်စုမြန်မာနိုင်ငံ)ပါတီ,2582,2015,76,M,မွန်ပြည်နယ် ၁
Mon State,,Mon State 11,Amyotha,ဒေါ်အေးအေးမွန်,၈၈မျိုးဆက်ကျောင်းသားလူငယ်များ(ပြည်ထောင်စုမြန်မာနိုင်ငံ)ပါတီ,2615,2015,121,F,မွန်ပြည်နယ် ၁၁
Mon State,,Mon State 5,Amyotha,ဒေါ်မိသန်းရှင်,အမျိုးသမီးပါတီ(မွန်),2690,2015,220,F,မွန်ပြည်နယ် ၅
Mon State,,Mon State 1,Amyotha,ဒေါ်မိနွယ်နွယ်လင်း(ခ)ဒေါ်အေးသန်း,မွန်အမျိုးသားပါတီ,2780,2015,153,F,မွန်ပြည်နယ် ၁
Mon State,,Mon State 12,Amyotha,ဦးကြည်ဝင်း,တိုင်းရင်းသားစည်းလုံးညီညွတ်ရေးပါတီ,2974,2015,243,M,မွန်ပြည်နယ် ၁၂
Mon State,,Mon State 5,Amyotha,ဦးရွှေလူး(ခ)မင်းရွှေလူး,မွန်ဒေသလုံးဆိုင်ရာဒီမိုကရေစီပါတီ,3335,2015,148,M,မွန်ပြည်နယ် ၅
Mon State,,Mon State 4,Amyotha,ဦးနိုင်ထွန်းထွန်းနိုင်,မွန်အမျိုးသားပါတီ,3412,2015,245,M,မွန်ပြည်နယ် ၄
Mon State,,Mon State 7,Amyotha,ဒေါက်တာမျိုးချစ်,ပြည်ထောင်စုကြံ့ခိုင်ရေးနှင့်ဖွံ့ဖြိုးရေးပါတီ,3865,2015,1544,M,မွန်ပြည်နယ် ၇
Mon State,,Mon State 9,Amyotha,ဦးခင်မောင်မြင့်,တိုင်းရင်းသားစည်းလုံးညီညွတ်ရေးပါတီ,4197,2015,229,M,မွန်ပြည်နယ် ၉
Mon State,,Mon State 8,Amyotha,ဦးစိုးထွန်း,ပြည်ထောင်စုကြံ့ခိုင်ရေးနှင့်ဖွံ့ဖြိုးရေးပါတီ,4216,2015,1119,M,မွန်ပြည်နယ် ၈
Mon State,,Mon State 9,Amyotha,ဦးစောမောင်မောင်သိန်း,ကရင်ပြည်သူ့ပါတီ,4509,2015,202,M,မွန်ပြည်နယ် ၉
Mon State,,Mon State 8,Amyotha,ဒေါ်မိမြင့်သန်း,မွန်ဒေသလုံးဆိုင်ရာဒီမိုကရေစီပါတီ,4771,2015,210,F,မွန်ပြည်နယ် ၈
Mon State,,Mon State 10,Amyotha,ဦးဗိုလ်ဝင်း,မွန်ဒေသလုံးဆိုင်ရာဒီမိုကရေစီပါတီ,4864,2015,267,M,မွန်ပြည်နယ် ၁၀
Mon State,,Mon State 9,Amyotha,ဦးခွန်သိန်းရွှေ(ခ)သိန်းရွှေ,ပအိုဝ်းအမျိုးသားအဖွဲ့ချုပ်(PNO)ပါတီ,5502,2015,178,M,မွန်ပြည်နယ် ၉
Mon State,,Mon State 3,Amyotha,ဒေါ်မြင့်မြင့်ဝေ,မွန်ဒေသလုံးဆိုင်ရာဒီမိုကရေစီပါတီ,6040,2015,601,F,မွန်ပြည်နယ် ၃
Mon State,,Mon State 6,Amyotha,ဒေါ်သဇင်ထွေး(ခ)မိသဇင်,မွန်ဒေသလုံးဆိုင်ရာဒီမိုကရေစီပါတီ,6575,2015,495,F,မွန်ပြည်နယ် ၆
Mon State,,Mon State 7,Amyotha,ဦးနိုင်အောင်ဘ(ခ)အံက်သာ,မွန်ဒေသလုံးဆိုင်ရာဒီမိုကရေစီပါတီ,7036,2015,257,M,မွန်ပြည်နယ် ၇
Mon State,,Mon State 3,Amyotha,ဒေါ်ညွန့်ရီ(ခ)မိစန္ဒာနန်,မွန်အမျိုးသားပါတီ,7311,2015,408,F,မွန်ပြည်နယ် ၃
Mon State,,Mon State 8,Amyotha,ဦးနိုင်အောင်ဌေး,မွန်အမျိုးသားပါတီ,7478,2015,516,M,မွန်ပြည်နယ် ၈
Mon State,,Mon State 10,Amyotha,ဦးဝင်းခိုင်(ခ)နိုင်ထောရော့,မွန်အမျိုးသားပါတီ,8112,2015,479,M,မွန်ပြည်နယ် ၁၀
Mon State,,Mon State 5,Amyotha,ဦးခင်ဇော်ဝင်း,ပြည်ထောင်စုကြံ့ခိုင်ရေးနှင့်ဖွံ့ဖြိုးရေးပါတီ,9213,2015,1542,M,မွန်ပြည်နယ် ၅
Mon State,,Mon State 5,Amyotha,ဦးနိုင်ငွေချမ်း(ခ)နိုင်ဃောသိုက်,မွန်အမျိုးသားပါတီ,9272,2015,415,M,မွန်ပြည်နယ် ၅
Mon State,,Mon State 4,Amyotha,ဦးရဲထွဋ်အောင်,မွန်ဒေသလုံးဆိုင်ရာဒီမိုကရေစီပါတီ,9582,2015,594,M,မွန်ပြည်နယ် ၄
Mon State,,Mon State 7,Amyotha,ဦးမြသောင်း(ခ)ဦးဗိုလ်သောင်း,အမျိုးသားဒီမိုကရေစီအဖွဲ့ချုပ်ပါတီ,9861,2015,536,M,မွန်ပြည်နယ် ၇
Mon State,,Mon State 1,Amyotha,ဦးမြင့်ရှိန်,ပြည်ထောင်စုကြံ့ခိုင်ရေးနှင့်ဖွံ့ဖြိုးရေးပါတီ,10206,2015,855,M,မွန်ပြည်နယ် ၁
Mon State,,Mon State 7,Amyotha,ဦးနိုင်သီဟ,မွန်အမျိုးသားပါတီ,10459,2015,373,M,မွန်ပြည်နယ် ၇
Mon State,,Mon State 6,Amyotha,ဦးသက်ထွေး,ပြည်ထောင်စုကြံ့ခိုင်ရေးနှင့်ဖွံ့ဖြိုးရေးပါတီ,10988,2015,2529,M,မွန်ပြည်နယ် ၆
Mon State,,Mon State 4,Amyotha,ဦးမင်းမြင့်မောင်လေး(ခ)ကိုမောင်,ပြည်ထောင်စုကြံ့ခိုင်ရေးနှင့်ဖွံ့ဖြိုးရေးပါတီ,14655,2015,2116,M,မွန်ပြည်နယ် ၄
Mon State,,Mon State 3,Amyotha,ဦးခင်မောင်လေး,ပြည်ထောင်စုကြံ့ခိုင်ရေးနှင့်ဖွံ့ဖြိုးရေးပါတီ,14700,2015,2981,M,မွန်ပြည်နယ် ၃
Mon State,,Mon State 6,Amyotha,ဦးဘိုးမြင့်(ခ)နိုင်ဗညားချမ်း,မွန်အမျိုးသားပါတီ,16012,2015,826,M,မွန်ပြည်နယ် ၆
Mon State,,Mon State 2,Amyotha,ဒေါက်တာစိုးဝင်း,ပြည်ထောင်စုကြံ့ခိုင်ရေးနှင့်ဖွံ့ဖြိုးရေးပါတီ,18263,2015,2451,M,မွန်ပြည်နယ် ၂
Mon State,,Mon State 11,Amyotha,ဒေါ်ခင်မြင့်,ပြည်ထောင်စုကြံ့ခိုင်ရေးနှင့်ဖွံ့ဖြိုးရေးပါတီ,18598,2015,3289,F,မွန်ပြည်နယ် ၁၁
Mon State,,Mon State 8,Amyotha,ဦးမျိုးဝင်း,အမျိုးသားဒီမိုကရေစီအဖွဲ့ချုပ်ပါတီ,18607,2015,1470,M,မွန်ပြည်နယ် ၈
Mon State,,Mon State 12,Amyotha,ဦးမြင့်ဆွေ,ပြည်ထောင်စုကြံ့ခိုင်ရေးနှင့်ဖွံ့ဖြိုးရေးပါတီ,19331,2015,2003,M,မွန်ပြည်နယ် ၁၂
Mon State,,Mon State 4,Amyotha,ဦးလင်းတင်ဌေး,အမျိုးသားဒီမိုကရေစီအဖွဲ့ချုပ်ပါတီ,20142,2015,1484,M,မွန်ပြည်နယ် ၄
Mon State,,Mon State 3,Amyotha,ဦးခင်ဇော်ဦး,အမျိုးသားဒီမိုကရေစီအဖွဲ့ချုပ်ပါတီ,20417,2015,1525,M,မွန်ပြည်နယ် ၃
Mon State,,Mon State 9,Amyotha,ဦးခွန်မောင်သောင်း,ပြည်ထောင်စုကြံ့ခိုင်ရေးနှင့်ဖွံ့ဖြိုးရေးပါတီ,20450,2015,1278,M,မွန်ပြည်နယ် ၉
Mon State,,Mon State 10,Amyotha,ဦးဇော်ဝင်း,ပြည်ထောင်စုကြံ့ခိုင်ရေးနှင့်ဖွံ့ဖြိုးရေးပါတီ,20916,2015,2670,M,မွန်ပြည်နယ် ၁၀
Mon State,,Mon State 5,Amyotha,ဒေါ်မြတ်သီတာထွန်း,အမျိုးသားဒီမိုကရေစီအဖွဲ့ချုပ်ပါတီ,22984,2015,1391,F,မွန်ပြည်နယ် ၅
Mon State,,Mon State 6,Amyotha,ဦးဖေတင်,အမျိုးသားဒီမိုကရေစီအဖွဲ့ချုပ်ပါတီ,28348,2015,1778,M,မွန်ပြည်နယ် ၆
Mon State,,Mon State 10,Amyotha,ဦးစိုးသီဟ(ခ)မောင်တူး,အမျိုးသားဒီမိုကရေစီအဖွဲ့ချုပ်ပါတီ,31986,2015,2063,M,မွန်ပြည်နယ် ၁၀
Mon State,,Mon State 12,Amyotha,ဒေါ်သီရိရတနာ,အမျိုးသားဒီမိုကရေစီအဖွဲ့ချုပ်ပါတီ,32854,2015,1673,F,မွန်ပြည်နယ် ၁၂
Mon State,,Mon State 2,Amyotha,ဒေါ်နွယ်နွယ်အောင်,အမျိုးသားဒီမိုကရေစီအဖွဲ့ချုပ်ပါတီ,33877,2015,1304,F,မွန်ပြည်နယ် ၂
Mon State,,Mon State 1,Amyotha,ဦးအေးမင်းဟန်,အမျိုးသားဒီမိုကရေစီအဖွဲ့ချုပ်ပါတီ,37002,2015,1307,M,မွန်ပြည်နယ် ၁
Mon State,,Mon State 11,Amyotha,ဦးလှမြင့်(ခ)ဦးလှမြင့်သန်း,အမျိုးသားဒီမိုကရေစီအဖွဲ့ချုပ်ပါတီ,37793,2015,2399,M,မွန်ပြည်နယ် ၁၁
Mon State,,Mon State 9,Amyotha,ဒေါက်တာဇော်လင်းထွဋ်,အမျိုးသားဒီမိုကရေစီအဖွဲ့ချုပ်ပါတီ,49364,2015,1996,M,မွန်ပြည်နယ် ၉
Rakhine State,,Rakhine State 7,Amyotha,ဦးမင်းအောင်,မြိုတိုင်းရင်းသားပါတီ,320,2015,9,M,ရခိုင်ပြည်နယ် ၇
Rakhine State,,Rakhine State 7,Amyotha,ဒေါ်မျိုးမြင့်မြင့်မြတ်,အမျိုးသားဒီမိုကရေစီအဖွဲ့ချုပ်ပါတီ,344,2015,123,F,ရခိုင်ပြည်နယ် ၇
Rakhine State,,Rakhine State 8,Amyotha,ဦးကြယ်သာထွန်း,အမျိုးသားဒီမိုကရေစီအဖွဲ့ချုပ်ပါတီ,396,2015,180,M,ရခိုင်ပြည်နယ် ၈
Rakhine State,,Rakhine State 2,Amyotha,ဦးမောင်မြ,တစ်သီးပုဂ္ဂလ,476,2015,41,M,ရခိုင်ပြည်နယ် ၂
Rakhine State,,Rakhine State 10,Amyotha,ဦးအုန်းတင်,တစ်သီးပုဂ္ဂလ,942,2015,32,M,ရခိုင်ပြည်နယ် ၁၀
Rakhine State,,Rakhine State 4,Amyotha,ဦးသာထွန်းအေး,ရခိုင်မျိုးချစ်ပါတီ,1016,2015,76,M,ရခိုင်ပြည်နယ် ၄
Rakhine State,,Rakhine State 1,Amyotha,ဦးဝင်းမောင်,တစ်သီးပုဂ္ဂလ,1229,2015,59,M,ရခိုင်ပြည်နယ် ၁
Rakhine State,,Rakhine State 1,Amyotha,ဦးနီအောင်ကျော်,တိုင်းရင်းသားစည်းလုံးညီညွတ်ရေးပါတီ,1377,2015,109,M,ရခိုင်ပြည်နယ် ၁
Rakhine State,,Rakhine State 9,Amyotha,ဦးဇော်လေး,အမျိုးသားဒီမိုကရေစီအဖွဲ့ချုပ်ပါတီ,1517,2015,129,M,ရခိုင်ပြည်နယ် ၉
Rakhine State,,Rakhine State 2,Amyotha,ဦးညိုလှဖြူ,တိုင်းရင်းသားစည်းလုံးညီညွတ်ရေးပါတီ,1551,2015,40,M,ရခိုင်ပြည်နယ် ၂
Rakhine State,,Rakhine State 4,Amyotha,ဦးကျော်သာထွန်း,မြိုတိုင်းရင်းသားဖွံ့ဖြိုးရေးပါတီ(မ.တ.ဖ.ပ),1729,2015,83,M,ရခိုင်ပြည်နယ် ၄
Rakhine State,,Rakhine State 1,Amyotha,ဦးသာစံ,အမျိုးသားဒီမိုကရေစီအဖွဲ့ချုပ်ပါတီ,1737,2015,288,M,ရခိုင်ပြည်နယ် ၁
Rakhine State,,Rakhine State 12,Amyotha,ဦးမျိုးလွင်,လူ့ဘောင်သစ်ဒီမိုကရက်တစ်ပါတီ,1849,2015,49,M,ရခိုင်ပြည်နယ် ၁၂
Rakhine State,,Rakhine State 1,Amyotha,ဦးဦးဘကျော်,ရခိုင်မျိုးချစ်ပါတီ,1882,2015,124,M,ရခိုင်ပြည်နယ် ၁
Rakhine State,,Rakhine State 5,Amyotha,ဦးထွန်းစိန်,တိုင်းရင်းသားစည်းလုံးညီညွတ်ရေးပါတီ,1890,2015,38,M,ရခိုင်ပြည်နယ် ၅
Rakhine State,,Rakhine State 2,Amyotha,ဦးအောင်ကျော်ဝင်း(ခ)ကျော်ဝင်းချေ,အမျိုးသားဒီမိုကရေစီအဖွဲ့ချုပ်ပါတီ,1999,2015,47,M,ရခိုင်ပြည်နယ် ၂
Rakhine State,,Rakhine State 2,Amyotha,ဦးမောင်စံလှ,ရခိုင်မျိုးချစ်ပါတီ,2283,2015,96,M,ရခိုင်ပြည်နယ် ၂
Rakhine State,,Rakhine State 4,Amyotha,ဦးဦးကျော်သိန်း,တစ်သီးပုဂ္ဂလ,2423,2015,100,M,ရခိုင်ပြည်နယ် ၄
Rakhine State,,Rakhine State 8,Amyotha,ဦးမောင်သာခင်,ပြည်ထောင်စုကြံ့ခိုင်ရေးနှင့်ဖွံ့ဖြိုးရေးပါတီ,2454,2015,887,M,ရခိုင်ပြည်နယ် ၈
Rakhine State,,Rakhine State 2,Amyotha,ဦးထွန်းသိန်း,တစ်သီးပုဂ္ဂလ,2538,2015,141,M,ရခိုင်ပြည်နယ် ၂
Rakhine State,,Rakhine State 9,Amyotha,ဦးအေးထွန်းသာ,ဒိုင်းနက်လူမျိုးများတိုးတက်ရေးပါတီ,2629,2015,94,M,ရခိုင်ပြည်နယ် ၉
Rakhine State,,Rakhine State 4,Amyotha,ဦးဖိုးထွန်းစိန်,အမျိုးသားဒီမိုကရေစီအဖွဲ့ချုပ်ပါတီ,2708,2015,199,M,ရခိုင်ပြည်နယ် ၄
Rakhine State,,Rakhine State 7,Amyotha,ဦးမောင်မဲ,ရခိုင်အမျိုးသားပါတီ,2859,2015,234,M,ရခိုင်ပြည်နယ် ၇
Rakhine State,,Rakhine State 4,Amyotha,ဦးအောင်ထွန်းညို,တိုင်းရင်းသားစည်းလုံးညီညွတ်ရေးပါတီ,3151,2015,80,M,ရခိုင်ပြည်နယ် ၄
Rakhine State,,Rakhine State 4,Amyotha,ဦးဦးဘစော,မြိုအမျိုးသားဒီမိုကရေစီပါတီ,3275,2015,141,M,ရခိုင်ပြည်နယ် ၄
Rakhine State,,Rakhine State 10,Amyotha,ဦးအောင်သန်း,တစ်သီးပုဂ္ဂလ,3313,2015,83,M,ရခိုင်ပြည်နယ် ၁၀
Rakhine State,,Rakhine State 5,Amyotha,ဦးမောင်အေးစော,တစ်သီးပုဂ္ဂလ,3346,2015,106,M,ရခိုင်ပြည်နယ် ၅
Rakhine State,,Rakhine State 7,Amyotha,ဦးကျော်သိန်း,ပြည်ထောင်စုကြံ့ခိုင်ရေးနှင့်ဖွံ့ဖြိုးရေးပါတီ,3471,2015,616,M,ရခိုင်ပြည်နယ် ၇
Rakhine State,,Rakhine State 3,Amyotha,ဦးသိန်းမောင်,တိုင်းရင်းသားစည်းလုံးညီညွတ်ရေးပါတီ,3551,2015,143,M,ရခိုင်ပြည်နယ် ၃
Rakhine State,,Rakhine State 6,Amyotha,ဦးမောင်ကျော်ဇံ,တိုင်းရင်းသားစည်းလုံးညီညွတ်ရေးပါတီ,3763,2015,128,M,ရခိုင်ပြည်နယ် ၆
Rakhine State,,Rakhine State 6,Amyotha,ဦးစံလှကျော်,ချင်းဒီမိုကရေစီအဖွဲ့ချုပ်ပါတီ,3852,2015,77,M,ရခိုင်ပြည်နယ် ၆
Rakhine State,,Rakhine State 3,Amyotha,ဦးစောသိန်းမောင်,တစ်သီးပုဂ္ဂလ,3953,2015,129,M,ရခိုင်ပြည်နယ် ၃
Rakhine State,,Rakhine State 8,Amyotha,ဦးကျော်ကျော်ဝင်း,ရခိုင်အမျိုးသားပါတီ,4965,2015,554,M,ရခိုင်ပြည်နယ် ၈
Rakhine State,,Rakhine State 5,Amyotha,ဒေါ်စံမညို,မြိုအမျိုးသားဒီမိုကရေစီပါတီ,5638,2015,433,F,ရခိုင်ပြည်နယ် ၅
Rakhine State,,Rakhine State 12,Amyotha,ဦးခင်မောင်ဝင်း,ရခိုင်ပြည်နယ်အမျိုးသားအင်အားစုပါတီ,5751,2015,212,M,ရခိုင်ပြည်နယ် ၁၂
Rakhine State,,Rakhine State 10,Amyotha,ဦးမြင့်မောင်,ရခိုင်ပြည်နယ်အမျိုးသားအင်အားစုပါတီ,6011,2015,189,M,ရခိုင်ပြည်နယ် ၁၀
Rakhine State,,Rakhine State 12,Amyotha,ဦးခင်မောင်ဝင်း,တိုင်းရင်းသားစည်းလုံးညီညွတ်ရေးပါတီ,6159,2015,283,M,ရခိုင်ပြည်နယ် ၁၂
Rakhine State,,Rakhine State 9,Amyotha,ဦးမောင်အေးထွန်း,ပြည်ထောင်စုကြံ့ခိုင်ရေးနှင့်ဖွံ့ဖြိုးရေးပါတီ,7081,2015,3301,M,ရခိုင်ပြည်နယ် ၉
Rakhine State,,Rakhine State 2,Amyotha,ဦးဦးစောလှ,ပြည်ထောင်စုကြံ့ခိုင်ရေးနှင့်ဖွံ့ဖြိုးရေးပါတီ,7248,2015,488,M,ရခိုင်ပြည်နယ် ၂
Rakhine State,,Rakhine State 4,Amyotha,ဦးလှသာထွန်း,ပြည်ထောင်စုကြံ့ခိုင်ရေးနှင့်ဖွံ့ဖြိုးရေးပါတီ,9429,2015,1307,M,ရခိုင်ပြည်နယ် ၄
Rakhine State,,Rakhine State 3,Amyotha,ဦးအောင်စိန်ထွန်း,အမျိုးသားဒီမိုကရေစီအဖွဲ့ချုပ်ပါတီ,10178,2015,386,M,ရခိုင်ပြည်နယ် ၃
Rakhine State,,Rakhine State 9,Amyotha,ဦးမောင်ကျော်ဇံ,ရခိုင်အမျိုးသားပါတီ,10640,2015,1276,M,ရခိုင်ပြည်နယ် ၉
Rakhine State,,Rakhine State 6,Amyotha,ဦးမောင်မြင့်ရွှေ,အမျိုးသားဒီမိုကရေစီအဖွဲ့ချုပ်ပါတီ,11388,2015,304,M,ရခိုင်ပြည်နယ် ၆
Rakhine State,,Rakhine State 1,Amyotha,ဦးသန်းထွန်း,ပြည်ထောင်စုကြံ့ခိုင်ရေးနှင့်ဖွံ့ဖြိုးရေးပါတီ,11443,2015,2755,M,ရခိုင်ပြည်နယ် ၁
Rakhine State,,Rakhine State 5,Amyotha,ဦးထွန်းရွှေ,ပြည်ထောင်စုကြံ့ခိုင်ရေးနှင့်ဖွံ့ဖြိုးရေးပါတီ,12544,2015,1761,M,ရခိုင်ပြည်နယ် ၅
Rakhine State,,Rakhine State 3,Amyotha,ဦးစန်းငွေ,ပြည်ထောင်စုကြံ့ခိုင်ရေးနှင့်ဖွံ့ဖြိုးရေးပါတီ,14822,2015,1732,M,ရခိုင်ပြည်နယ် ၃
Rakhine State,,Rakhine State 10,Amyotha,ဦးထွန်းသွေး,ပြည်ထောင်စုကြံ့ခိုင်ရေးနှင့်ဖွံ့ဖြိုးရေးပါတီ,20234,2015,2731,M,ရခိုင်ပြည်နယ် ၁၀
Rakhine State,,Rakhine State 11,Amyotha,ဦးစံရွှေမောင်,အမျိုးသားဒီမိုကရေစီအဖွဲ့ချုပ်ပါတီ,20399,2015,812,M,ရခိုင်ပြည်နယ် ၁၁
Rakhine State,,Rakhine State 10,Amyotha,ဦးခင်မောင်ဖြူ,အမျိုးသားဒီမိုကရေစီအဖွဲ့ချုပ်ပါတီ,23112,2015,920,M,ရခိုင်ပြည်နယ် ၁၀
Rakhine State,,Rakhine State 11,Amyotha,ဒေါက်တာဘရွှေ,ပြည်ထောင်စုကြံ့ခိုင်ရေးနှင့်ဖွံ့ဖြိုးရေးပါတီ,24962,2015,3903,M,ရခိုင်ပြည်နယ် ၁၁
Rakhine State,,Rakhine State 6,Amyotha,ဦးဦးဘသိန်း,ပြည်ထောင်စုကြံ့ခိုင်ရေးနှင့်ဖွံ့ဖြိုးရေးပါတီ,27741,2015,2435,M,ရခိုင်ပြည်နယ် ၆
Rakhine State,,Rakhine State 10,Amyotha,ဦးကျော်သန်း,ရခိုင်အမျိုးသားပါတီ,34064,2015,1294,M,ရခိုင်ပြည်နယ် ၁၀
Rakhine State,,Rakhine State 12,Amyotha,ဦးဖိုးရီအောင်,ပြည်ထောင်စုကြံ့ခိုင်ရေးနှင့်ဖွံ့ဖြိုးရေးပါတီ,36081,2015,4248,M,ရခိုင်ပြည်နယ် ၁၂
Rakhine State,,Rakhine State 11,Amyotha,ဒေါ်ထုမေ,ရခိုင်အမျိုးသားပါတီ,37242,2015,1727,F,ရခိုင်ပြည်နယ် ၁၁
Rakhine State,,Rakhine State 12,Amyotha,ဦးတင်ညို,ရခိုင်အမျိုးသားပါတီ,38013,2015,2212,M,ရခိုင်ပြည်နယ် ၁၂
Rakhine State,,Rakhine State 2,Amyotha,ဦးတက်ထွန်းအောင်,ရခိုင်အမျိုးသားပါတီ,38987,2015,555,M,ရခိုင်ပြည်နယ် ၂
Rakhine State,,Rakhine State 1,Amyotha,ဦးဝေစိန်အောင်,ရခိုင်အမျိုးသားပါတီ,43476,2015,1611,M,ရခိုင်ပြည်နယ် ၁
Rakhine State,,Rakhine State 5,Amyotha,ဦးမြင့်နိုင်,ရခိုင်အမျိုးသားပါတီ,54410,2015,3033,M,ရခိုင်ပြည်နယ် ၅
Rakhine State,,Rakhine State 4,Amyotha,ဦးကျော်ကျော်,ရခိုင်အမျိုးသားပါတီ,60375,2015,3302,M,ရခိုင်ပြည်နယ် ၄
Rakhine State,,Rakhine State 3,Amyotha,ဦးခင်မောင်လတ်,ရခိုင်အမျိုးသားပါတီ,67936,2015,3014,M,ရခိုင်ပြည်နယ် ၃
Rakhine State,,Rakhine State 12,Amyotha,ဦးစိုးဝင်း,အမျိုးသားဒီမိုကရေစီအဖွဲ့ချုပ်ပါတီ,72772,2015,3279,M,ရခိုင်ပြည်နယ် ၁၂
Rakhine State,,Rakhine State 6,Amyotha,ဦးအေးသာအောင်,ရခိုင်အမျိုးသားပါတီ,72870,2015,2888,M,ရခိုင်ပြည်နယ် ၆
Sagaing Region,,Sagaing Region 9,Amyotha,ဦးအောင်သန်း,,963,2015,118,M,စစ်ကိုင်းတိုင်းဒေသကြီး ၉
Sagaing Region,,Sagaing Region 9,Amyotha,ဦးလွင်ခိုဟန်,,2862,2015,150,M,စစ်ကိုင်းတိုင်းဒေသကြီး ၉
Sagaing Region,,Sagaing Region 6,Amyotha,ဦးသိန်းဖေ,,2936,2015,147,M,စစ်ကိုင်းတိုင်းဒေသကြီး ၆
Sagaing Region,,Sagaing Region 7,Amyotha,ဦးမာကျင်,,3880,2015,255,M,စစ်ကိုင်းတိုင်းဒေသကြီး ၇
Sagaing Region,,Sagaing Region 10,Amyotha,ဒေါ်ဝင်းကြည်,,4538,2015,441,F,စစ်ကိုင်းတိုင်းဒေသကြီး ၁၀
Sagaing Region,,Sagaing Region 3,Amyotha,ဦးစိုးမြင့်,,4806,2015,285,M,စစ်ကိုင်းတိုင်းဒေသကြီး ၃
Sagaing Region,,Sagaing Region 7,Amyotha,ဦးဇော်မင်း,,4847,2015,206,M,စစ်ကိုင်းတိုင်းဒေသကြီး ၇
Sagaing Region,,Sagaing Region 3,Amyotha,ဦးသန်းတင်,,5421,2015,310,M,စစ်ကိုင်းတိုင်းဒေသကြီး ၃
Sagaing Region,,Sagaing Region 7,Amyotha,ဒေါ်ထားနွဲ့ဝင်း,,5673,2015,327,F,စစ်ကိုင်းတိုင်းဒေသကြီး ၇
Sagaing Region,,Sagaing Region 5,Amyotha,ဦးကျော်ဇင်မောင်,,6154,2015,432,M,စစ်ကိုင်းတိုင်းဒေသကြီး ၅
Sagaing Region,,Sagaing Region 7,Amyotha,ဦးသန့်ဇင်ဝင်း,,7787,2015,571,M,စစ်ကိုင်းတိုင်းဒေသကြီး ၇
Sagaing Region,,Sagaing Region 11,Amyotha,ဦးခင်မောင်ဝင်း,,8247,2015,533,M,စစ်ကိုင်းတိုင်းဒေသကြီး ၁၁
Sagaing Region,,Sagaing Region 1,Amyotha,ဦးမြင့်အောင်,,8924,2015,387,M,စစ်ကိုင်းတိုင်းဒေသကြီး ၁
Sagaing Region,,Sagaing Region 8,Amyotha,ဦးဌေးအောင်,,12444,2015,897,M,စစ်ကိုင်းတိုင်းဒေသကြီး ၈
Sagaing Region,,Sagaing Region 2,Amyotha,ဦးကျော်ဇေယျ,,12683,2015,553,M,စစ်ကိုင်းတိုင်းဒေသကြီး ၂
Sagaing Region,,Sagaing Region 11,Amyotha,ဦးအောင်ချစ်လွင်,,13473,2015,2313,M,စစ်ကိုင်းတိုင်းဒေသကြီး ၁၁
Sagaing Region,,Sagaing Region 6,Amyotha,ဦးနိုင်ဝင်းမိုး,,14193,2015,736,M,စစ်ကိုင်းတိုင်းဒေသကြီး ၆
Sagaing Region,,Sagaing Region 4,Amyotha,ဦးစောထွန်းခိုင်,,15277,2015,537,M,စစ်ကိုင်းတိုင်းဒေသကြီး ၄
Sagaing Region,,Sagaing Region 9,Amyotha,ဦးသိန်းဝင်း,,16717,2015,1288,M,စစ်ကိုင်းတိုင်းဒေသကြီး ၉
Sagaing Region,,Sagaing Region 12,Amyotha,ဦးရူစံကြူး,,18756,2015,1400,M,စစ်ကိုင်းတိုင်းဒေသကြီး ၁၂
Sagaing Region,,Sagaing Region 9,Amyotha,ဦးမောင်မောင်လတ်,,25844,2015,1257,M,စစ်ကိုင်းတိုင်းဒေသကြီး ၉
Sagaing Region,,Sagaing Region 12,Amyotha,ဦးမင်းနိုင်,,29034,2015,926,M,စစ်ကိုင်းတိုင်းဒေသကြီး ၁၂
Sagaing Region,,Sagaing Region 10,Amyotha,ဦးမောင်သန်း,,29671,2015,3021,M,စစ်ကိုင်းတိုင်းဒေသကြီး ၁၀
Sagaing Region,,Sagaing Region 11,Amyotha,ဦးအောင်ဝင်း,,30707,2015,2042,M,စစ်ကိုင်းတိုင်းဒေသကြီး ၁၁
Sagaing Region,,Sagaing Region 10,Amyotha,ဦးတင်မောင်ဝင်း,,40738,2015,2145,M,စစ်ကိုင်းတိုင်းဒေသကြီး ၁၀
Sagaing Region,,Sagaing Region 11,Amyotha,ဦးညီညီထွေး(ခ)ဦးကိုကိုလေး,,44589,2015,2305,M,စစ်ကိုင်းတိုင်းဒေသကြီး ၁၁
Sagaing Region,,Sagaing Region 6,Amyotha,ဦးထွန်းမြင့်,,47760,2015,4454,M,စစ်ကိုင်းတိုင်းဒေသကြီး ၆
Sagaing Region,,Sagaing Region 7,Amyotha,ဦးခင်မောင်အေး,,48153,2015,4062,M,စစ်ကိုင်းတိုင်းဒေသကြီး ၇
Sagaing Region,,Sagaing Region 1,Amyotha,ဦးဝင်းတင့်,,62974,2015,5956,M,စစ်ကိုင်းတိုင်းဒေသကြီး ၁
Sagaing Region,,Sagaing Region 5,Amyotha,ဦးသောင်းစိန်,,68746,2015,6104,M,စစ်ကိုင်းတိုင်းဒေသကြီး ၅
Sagaing Region,,Sagaing Region 4,Amyotha,ဒေါက်တာဝင်းမြင့်အောင်,,69794,2015,8741,M,စစ်ကိုင်းတိုင်းဒေသကြီး ၄
Sagaing Region,,Sagaing Region 8,Amyotha,ဦးသိန်းလှိုင်,,72756,2015,7396,M,စစ်ကိုင်းတိုင်းဒေသကြီး ၈
Sagaing Region,,Sagaing Region 2,Amyotha,ဦးရဲမြင့်အောင်,,82577,2015,8369,M,စစ်ကိုင်းတိုင်းဒေသကြီး ၂
Sagaing Region,,Sagaing Region 3,Amyotha,ဦးသင်းလှိုင်,,96968,2015,6167,M,စစ်ကိုင်းတိုင်းဒေသကြီး ၃
Sagaing Region,,Sagaing Region 6,Amyotha,ဦးဇော်မင်း,,116677,2015,5587,M,စစ်ကိုင်းတိုင်းဒေသကြီး ၆
Sagaing Region,,Sagaing Region 7,Amyotha,ဦးခင်မောင်ဝင်း,,133806,2015,5812,M,စစ်ကိုင်းတိုင်းဒေသကြီး ၇
Sagaing Region,,Sagaing Region 8,Amyotha,ဦးကိုကိုနိုင်,,149577,2015,7331,M,စစ်ကိုင်းတိုင်းဒေသကြီး ၈
Sagaing Region,,Sagaing Region 1,Amyotha,ဦးကျော်သောင်း,,200085,2015,9401,M,စစ်ကိုင်းတိုင်းဒေသကြီး ၁
Sagaing Region,,Sagaing Region 5,Amyotha,ဦးရဲထွဋ်,,215711,2015,11726,M,စစ်ကိုင်းတိုင်းဒေသကြီး ၅
Sagaing Region,,Sagaing Region 3,Amyotha,ဦးဝင်းအောင်,,225403,2015,10764,M,စစ်ကိုင်းတိုင်းဒေသကြီး ၃
Sagaing Region,,Sagaing Region 2,Amyotha,ဦးအောင်မျိုး,,290497,2015,15501,M,စစ်ကိုင်းတိုင်းဒေသကြီး ၂
Sagaing Region,,Sagaing Region 4,Amyotha,ဦးလှဦး,,307915,2015,17566,M,စစ်ကိုင်းတိုင်းဒေသကြီး ၄
Shan State,,Shan State 11,Amyotha,ဦးမြင့်ခိုင်,ရှမ်းပြည်ကိုးကန့်ဒီမိုကရက်တစ်ပါတီ,2204,2015,90,M,ရှမ်းပြည်နယ် ၁၁
Shan State,,Shan State 12,Amyotha,ဦးဆိုင်ပေါင်းနပ်,“ဝ”ဒီမိုကရက်တစ်ပါတီ,2316,2015,154,M,ရှမ်းပြည်နယ် ၁၂
Shan State,,Shan State 4,Amyotha,ဦးစိုင်းမိုးမြင့်သူ,တစ်သီးပုဂ္ဂလ,2500,2015,87,M,ရှမ်းပြည်နယ် ၄
Shan State,,Shan State 12,Amyotha,ဦးကျက်စိန်း,တစ်သီးပုဂ္ဂလ,2757,2015,73,M,ရှမ်းပြည်နယ် ၁၂
Shan State,,Shan State 12,Amyotha,ဦးညီပလုပ်,“ဝ”အမျိုးသားစည်းလုံးညီညွတ်ရေးပါတီ,2877,2015,113,M,ရှမ်းပြည်နယ် ၁၂
Shan State,,Shan State 6,Amyotha,ဦးစိုင်းခမ်းခေါင်,အမျိုးသားဒီမိုကရေစီအင်အားစုပါတီ,3080,2015,74,M,ရှမ်းပြည်နယ် ၆
Shan State,,Shan State 7,Amyotha,ဦးစိုင်းလုံ,အမျိုးသားဒီမိုကရေစီအင်အားစုပါတီ,3201,2015,107,M,ရှမ်းပြည်နယ် ၇
Shan State,,Shan State 6,Amyotha,ဦးစိုင်းဆမ်တစ်,ရှမ်းပြည်နယ်အရှေ့ပိုင်းဖွံ့ဖြိုးတိုးတက်ရေးဒီမိုကရက်တစ်ပါတီ,3464,2015,177,M,ရှမ်းပြည်နယ် ၆
Shan State,,Shan State 2,Amyotha,ဦးခင်မောင်ဝင်း,ညီညွတ်သောဒီမိုကရက်တစ်ပါတီ(UDP),4123,2015,347,M,ရှမ်းပြည်နယ် ၂
Shan State,,Shan State 9,Amyotha,ဒေါ်နန်းမေပန်းဝါ,ပြည်ထောင်စုပအိုဝ်းအမျိုးသားအဖွဲ့ချုပ်(ပ.အ.မ.ဖ)ပါတီ,4672,2015,330,F,ရှမ်းပြည်နယ် ၉
Shan State,,Shan State 8,Amyotha,ဦးမောင်မောင်လွင်,ဓနုအမျိုးသားများအဖွဲ့ချုပ်ပါတီ,4974,2015,284,M,ရှမ်းပြည်နယ် ၈
Shan State,,Shan State 10,Amyotha,ဦးစံအေး,ပြည်ထောင်စုကြံ့ခိုင်ရေးနှင့်ဖွံ့ဖြိုးရေးပါတီ,4997,2015,772,M,ရှမ်းပြည်နယ် ၁၀
Shan State,,Shan State 3,Amyotha,ဦးရောဘတ်ကျအုံး(ခ)ဦးညီကရုန်း,တစ်သီးပုဂ္ဂလ,5297,2015,335,M,ရှမ်းပြည်နယ် ၃
Shan State,,Shan State 6,Amyotha,ဦးစိုင်းသောင်းစိန်,ရှမ်းတိုင်းရင်းသားများဒီမိုကရက်တစ်ပါတီ,5425,2015,292,M,ရှမ်းပြည်နယ် ၆
Shan State,,Shan State 12,Amyotha,ဦးစိုင်းစံအောင်,ပြည်ထောင်စုကြံ့ခိုင်ရေးနှင့်ဖွံ့ဖြိုးရေးပါတီ,6818,2015,1181,M,ရှမ်းပြည်နယ် ၁၂
Shan State,,Shan State 1,Amyotha,ဦးစဝ်သာဦး(ခ)ဦးသီဟသူ,ဖက်ဒရယ်ပြည်ထောင်စုပါတီ,7671,2015,317,M,ရှမ်းပြည်နယ် ၁
Shan State,,Shan State 6,Amyotha,ဦးအိုက်ပွင့်(ခ)စိုင်းမြင့်စိုး,ရှမ်းတိုင်းရင်းသားများဒီမိုကရေစီအဖွဲ့ချုပ်ပါတီ,8924,2015,317,M,ရှမ်းပြည်နယ် ၆
Shan State,,Shan State 4,Amyotha,ဦးညီလေး,ဓနုတိုင်းရင်းသားလူမျိုးများဒီမိုကရေစီပါတီ,9616,2015,363,M,ရှမ်းပြည်နယ် ၄
Shan State,,Shan State 5,Amyotha,ဦးခွန်ထူး,တစ်သီးပုဂ္ဂလ,10160,2015,784,M,ရှမ်းပြည်နယ် ၅
Shan State,,Shan State 8,Amyotha,ဦးအောင်ဇော်မြင့်,ဓနုတိုင်းရင်းသားလူမျိုးများဒီမိုကရေစီပါတီ,10201,2015,450,M,ရှမ်းပြည်နယ် ၈
Shan State,,Shan State 1,Amyotha,ဒေါ်ခင်ထွေးရီ,ဓနုတိုင်းရင်းသားလူမျိုးများဒီမိုကရေစီပါတီ,10299,2015,718,F,ရှမ်းပြည်နယ် ၁
Shan State,,Shan State 11,Amyotha,ဦးကျော်နီနိုင်,ပြည်ထောင်စုကြံ့ခိုင်ရေးနှင့်ဖွံ့ဖြိုးရေးပါတီ,10433,2015,1822,M,ရှမ်းပြည်နယ် ၁၁
Shan State,,Shan State 4,Amyotha,ဦးစိုးနိုင်,တိုင်းရင်းသားစည်းလုံးညီညွတ်ရေးပါတီ,10768,2015,406,M,ရှမ်းပြည်နယ် ၄
Shan State,,Shan State 7,Amyotha,ဦးကျလော,လားဟူအမျိုးသားဖွံဖြိုးတိုးတက်ရေးပါတီ,12344,2015,363,M,ရှမ်းပြည်နယ် ၇
Shan State,,Shan State 7,Amyotha,ဦးစန်းအောင်,ရှမ်းတိုင်းရင်းသားများဒီမိုကရက်တစ်ပါတီ,12947,2015,318,M,ရှမ်းပြည်နယ် ၇
Shan State,,Shan State 1,Amyotha,ဦးခွန်စိုးမြင့်,ပြည်ထောင်စုပအိုဝ်းအမျိုးသားအဖွဲ့ချုပ်(ပ.အ.မ.ဖ)ပါတီ,13305,2015,700,M,ရှမ်းပြည်နယ် ၁
Shan State,,Shan State 7,Amyotha,ဦးစိုင်းလုံ,ရှမ်းတိုင်းရင်းသားများဒီမိုကရေစီအဖွဲ့ချုပ်ပါတီ,13992,2015,661,M,ရှမ်းပြည်နယ် ၇
Shan State,,Shan State 4,Amyotha,ဦးလှကျော်,တအာင်း(ပလောင်)အမျိုးသားပါတီ,14157,2015,494,M,ရှမ်းပြည်နယ် ၄
Shan State,,Shan State 5,Amyotha,ဒေါ်စန်းစန်းထွေး,အမျိုးသားဒီမိုကရေစီအဖွဲ့ချုပ်ပါတီ,14182,2015,1595,F,ရှမ်းပြည်နယ် ၅
Shan State,,Shan State 1,Amyotha,ဦးဝင်းမြင့်ဦး,အင်းအမျိုးသားဖွံ့ဖြိုးတိုးတက်ရေးပါတီ,14701,2015,815,M,ရှမ်းပြည်နယ် ၁
Shan State,,Shan State 5,Amyotha,ဒေါက်တာစိုင်းကျော်အုန်း,ရှမ်းတိုင်းရင်းသားများဒီမိုကရက်တစ်ပါတီ,15818,2015,1415,M,ရှမ်းပြည်နယ် ၅
Shan State,,Shan State 3,Amyotha,ဦးစိုင်းစံမင်း,ရှမ်းတိုင်းရင်းသားများဒီမိုကရက်တစ်ပါတီ,16267,2015,486,M,ရှမ်းပြည်နယ် ၃
Shan State,,Shan State 2,Amyotha,ဦးစိုင်းအောင်မြင့်ခိုင်,ရှမ်းတိုင်းရင်းသားများဒီမိုကရက်တစ်ပါတီ,17413,2015,1559,M,ရှမ်းပြည်နယ် ၂
Shan State,,Shan State 1,Amyotha,ဒေါ်နန်းမိုခမ်း,ရှမ်းတိုင်းရင်းသားများဒီမိုကရေစီအဖွဲ့ချုပ်ပါတီ,18533,2015,889,F,ရှမ်းပြည်နယ် ၁
Shan State,,Shan State 4,Amyotha,ဦးစိုင်းအိုက်ပေါင်း,ရှမ်းတိုင်းရင်းသားများဒီမိုကရက်တစ်ပါတီ,22111,2015,812,M,ရှမ်းပြည်နယ် ၄
Shan State,,Shan State 6,Amyotha,ဦးသန်းဝင်း,အမျိုးသားဒီမိုကရေစီအဖွဲ့ချုပ်ပါတီ,22981,2015,1664,M,ရှမ်းပြည်နယ် ၆
Shan State,,Shan State 9,Amyotha,ဦးစိုင်းသန်းထွန်း,ရှမ်းတိုင်းရင်းသားများဒီမိုကရေစီအဖွဲ့ချုပ်ပါတီ,23993,2015,1782,M,ရှမ်းပြည်နယ် ၉
Shan State,,Shan State 2,Amyotha,ဦးသူရဟန်ထွန်းအောင်,အမျိုးသားဒီမိုကရေစီအဖွဲ့ချုပ်ပါတီ,25480,2015,3014,M,ရှမ်းပြည်နယ် ၂
Shan State,,Shan State 7,Amyotha,ဦးဝီလ်ဆင်မိုး,ပြည်ထောင်စုကြံ့ခိုင်ရေးနှင့်ဖွံ့ဖြိုးရေးပါတီ,27479,2015,8674,M,ရှမ်းပြည်နယ် ၇
Shan State,,Shan State 6,Amyotha,ဒေါက်တာစိုင်းဆိုင်ကျောက်ဆမ်,ပြည်ထောင်စုကြံ့ခိုင်ရေးနှင့်ဖွံ့ဖြိုးရေးပါတီ,28488,2015,6438,M,ရှမ်းပြည်နယ် ၆
Shan State,,Shan State 9,Amyotha,ဦးခွန်ဇော်ဇော်,အမျိုးသားဒီမိုကရေစီအဖွဲ့ချုပ်ပါတီ,29086,2015,2059,M,ရှမ်းပြည်နယ် ၉
Shan State,,Shan State 8,Amyotha,ဦးရှုမောင်,ပြည်ထောင်စုကြံ့ခိုင်ရေးနှင့်ဖွံ့ဖြိုးရေးပါတီ,32386,2015,1929,M,ရှမ်းပြည်နယ် ၈
Shan State,,Shan State 10,Amyotha,ဦးမိုင်းအုဏ်းခိုင်,တအာင်း(ပလောင်)အမျိုးသားပါတီ,34402,2015,3143,M,ရှမ်းပြည်နယ် ၁၀
Shan State,,Shan State 5,Amyotha,ဒေါ်နန်းထွေးမှုံ,ရှမ်းတိုင်းရင်းသားများဒီမိုကရေစီအဖွဲ့ချုပ်ပါတီ,34514,2015,1915,F,ရှမ်းပြည်နယ် ၅
Shan State,,Shan State 5,Amyotha,ဦးစိုင်းဆာလူ,ပြည်ထောင်စုကြံ့ခိုင်ရေးနှင့်ဖွံ့ဖြိုးရေးပါတီ,35830,2015,5017,M,ရှမ်းပြည်နယ် ၅
Shan State,,Shan State 5,Amyotha,ဦးညီစိန်,တအာင်း(ပလောင်)အမျိုးသားပါတီ,38435,2015,2611,M,ရှမ်းပြည်နယ် ၅
Shan State,,Shan State 8,Amyotha,ဒေါ်မမလေး,အမျိုးသားဒီမိုကရေစီအဖွဲ့ချုပ်ပါတီ,38668,2015,1666,F,ရှမ်းပြည်နယ် ၈
Shan State,,Shan State 4,Amyotha,ဦးစိုင်းနော်ခမ်းဦး,ပြည်ထောင်စုကြံ့ခိုင်ရေးနှင့်ဖွံ့ဖြိုးရေးပါတီ,40532,2015,7140,M,ရှမ်းပြည်နယ် ၄
Shan State,,Shan State 2,Amyotha,ဦးစိုင်းမြသောင်း,ပြည်ထောင်စုကြံ့ခိုင်ရေးနှင့်ဖွံ့ဖြိုးရေးပါတီ,41694,2015,12249,M,ရှမ်းပြည်နယ် ၂
Shan State,,Shan State 3,Amyotha,ဦးသန်းဋ္ဌေး,အမျိုးသားဒီမိုကရေစီအဖွဲ့ချုပ်ပါတီ,42446,2015,2640,M,ရှမ်းပြည်နယ် ၃
Shan State,,Shan State 3,Amyotha,ဒေါက်တာနန်းကိန်ဖောင်းတစ်(ပ်),ပြည်ထောင်စုကြံ့ခိုင်ရေးနှင့်ဖွံ့ဖြိုးရေးပါတီ,52804,2015,10431,M,ရှမ်းပြည်နယ် ၃
Shan State,,Shan State 7,Amyotha,ဦးစိုင်းလုံစံခတ်,အမျိုးသားဒီမိုကရေစီအဖွဲ့ချုပ်ပါတီ,53901,2015,2328,M,ရှမ်းပြည်နယ် ၇
Shan State,,Shan State 3,Amyotha,ဦးစိုင်းဝမ်းလှိုင်းခမ်း,ရှမ်းတိုင်းရင်းသားများဒီမိုကရေစီအဖွဲ့ချုပ်ပါတီ,64334,2015,1030,M,ရှမ်းပြည်နယ် ၃
Shan State,,Shan State 4,Amyotha,ဦးခင်မောင်စီ,အမျိုးသားဒီမိုကရေစီအဖွဲ့ချုပ်ပါတီ,71154,2015,4663,M,ရှမ်းပြည်နယ် ၄
Shan State,,Shan State 2,Amyotha,ဦးစိုင်းထွန်းအောင်,ရှမ်းတိုင်းရင်းသားများဒီမိုကရေစီအဖွဲ့ချုပ်ပါတီ,74826,2015,4308,M,ရှမ်းပြည်နယ် ၂
Shan State,,Shan State 4,Amyotha,ဦးစိုင်းအုန်းကျော်,ရှမ်းတိုင်းရင်းသားများဒီမိုကရေစီအဖွဲ့ချုပ်ပါတီ,101431,2015,1816,M,ရှမ်းပြည်နယ် ၄
Shan State,,Shan State 9,Amyotha,ဦးခွန်သိန်းဖေ,ပအိုဝ်းအမျိုးသားအဖွဲ့ချုပ်(PNO)ပါတီ,140563,2015,10038,M,ရှမ်းပြည်နယ် ၉
Shan State,,Shan State 1,Amyotha,ဦးဉာဏ်လင်း,ပြည်ထောင်စုကြံ့ခိုင်ရေးနှင့်ဖွံ့ဖြိုးရေးပါတီ,185641,2015,17236,M,ရှမ်းပြည်နယ် ၁
Shan State,,Shan State 1,Amyotha,ဦးဇော်မင်းလတ်(ခ)ဦးကိုလတ်,အမျိုးသားဒီမိုကရေစီအဖွဲ့ချုပ်ပါတီ,216384,2015,10535,M,ရှမ်းပြည်နယ် ၁
Tanintharyi Region,,Tanintharyi Region 1,Amyotha,ဦးမျိုးနန္ဒကျော်,,288,2015,25,M,တနင်္သာရီတိုင်းဒေသကြီး ၁
Tanintharyi Region,,Tanintharyi Region 11,Amyotha,ဦးစိုးမိုးကျော်,,594,2015,28,M,တနင်္သာရီတိုင်းဒေသကြီး ၁၁
Tanintharyi Region,,Tanintharyi Region 4,Amyotha,ဒေါ်မိမြင့်သန်း,,595,2015,48,F,တနင်္သာရီတိုင်းဒေသကြီး ၄
Tanintharyi Region,,Tanintharyi Region 7,Amyotha,ဦးအေးမင်းစိုး,,679,2015,33,M,တနင်္သာရီတိုင်းဒေသကြီး ၇
Tanintharyi Region,,Tanintharyi Region 7,Amyotha,ဦးဇော်ဝင်း,,700,2015,53,M,တနင်္သာရီတိုင်းဒေသကြီး ၇
Tanintharyi Region,,Tanintharyi Region 4,Amyotha,ဦးစိုးသိန်း,,753,2015,53,M,တနင်္သာရီတိုင်းဒေသကြီး ၄
Tanintharyi Region,,Tanintharyi Region 2,Amyotha,ဒေါ်သီတာမိုး,,764,2015,61,F,တနင်္သာရီတိုင်းဒေသကြီး ၂
Tanintharyi Region,,Tanintharyi Region 4,Amyotha,ဦးအောင်မိုး(ခ)ဦးတင်အောင်မိုး,,791,2015,73,M,တနင်္သာရီတိုင်းဒေသကြီး ၄
Tanintharyi Region,,Tanintharyi Region 6,Amyotha,ဦးသန်းဆွေ,,861,2015,56,M,တနင်္သာရီတိုင်းဒေသကြီး ၆
Tanintharyi Region,,Tanintharyi Region 11,Amyotha,ဦးမောင်အေး,,914,2015,49,M,တနင်္သာရီတိုင်းဒေသကြီး ၁၁
Tanintharyi Region,,Tanintharyi Region 5,Amyotha,ဒေါ်ဆန်းဆန်းမူ,,931,2015,77,F,တနင်္သာရီတိုင်းဒေသကြီး ၅
Tanintharyi Region,,Tanintharyi Region 2,Amyotha,ဦးမောင်သိန်း,,1059,2015,54,M,တနင်္သာရီတိုင်းဒေသကြီး ၂
Tanintharyi Region,,Tanintharyi Region 10,Amyotha,ဦးစိန်လွင်,,1108,2015,83,M,တနင်္သာရီတိုင်းဒေသကြီး ၁၀
Tanintharyi Region,,Tanintharyi Region 11,Amyotha,ဦးမျိုးမင်း,,1126,2015,71,M,တနင်္သာရီတိုင်းဒေသကြီး ၁၁
Tanintharyi Region,,Tanintharyi Region 1,Amyotha,ဦးထွန်းလွင်,,1152,2015,139,M,တနင်္သာရီတိုင်းဒေသကြီး ၁
Tanintharyi Region,,Tanintharyi Region 12,Amyotha,ဦးရွှေထွန်း,,1279,2015,77,M,တနင်္သာရီတိုင်းဒေသကြီး ၁၂
Tanintharyi Region,,Tanintharyi Region 3,Amyotha,ဦးခင်မောင်စိုး,,1322,2015,128,M,တနင်္သာရီတိုင်းဒေသကြီး ၃
Tanintharyi Region,,Tanintharyi Region 8,Amyotha,ဦးကျော်စွာဦး,,1343,2015,37,M,တနင်္သာရီတိုင်းဒေသကြီး ၈
Tanintharyi Region,,Tanintharyi Region 1,Amyotha,ဦးဉာဏ်ဝင်း,,1355,2015,127,M,တနင်္သာရီတိုင်းဒေသကြီး ၁
Tanintharyi Region,,Tanintharyi Region 1,Amyotha,ဦးသက်ထွန်း,,1686,2015,60,M,တနင်္သာရီတိုင်းဒေသကြီး ၁
Tanintharyi Region,,Tanintharyi Region 9,Amyotha,ဦးကက်နက်,,1730,2015,112,M,တနင်္သာရီတိုင်းဒေသကြီး ၉
Tanintharyi Region,,Tanintharyi Region 4,Amyotha,ဦးနိုင်မင်းနိုင်,,2530,2015,139,M,တနင်္သာရီတိုင်းဒေသကြီး ၄
Tanintharyi Region,,Tanintharyi Region 10,Amyotha,ဦးအာလ်လျန်မုန်,,2983,2015,110,M,တနင်္သာရီတိုင်းဒေသကြီး ၁၀
Tanintharyi Region,,Tanintharyi Region 4,Amyotha,ဒေါ်မာမာအေး,,3830,2015,136,F,တနင်္သာရီတိုင်းဒေသကြီး ၄
Tanintharyi Region,,Tanintharyi Region 6,Amyotha,ဒေါ်စပယ်ဖြူလင်းအောင်,,3878,2015,57,F,တနင်္သာရီတိုင်းဒေသကြီး ၆
Tanintharyi Region,,Tanintharyi Region 5,Amyotha,ဦးကျော်ဦးလွင်,,4424,2015,1731,M,တနင်္သာရီတိုင်းဒေသကြီး ၅
Tanintharyi Region,,Tanintharyi Region 5,Amyotha,ဦးခင်မောင်တင်,,7189,2015,1134,M,တနင်္သာရီတိုင်းဒေသကြီး ၅
Tanintharyi Region,,Tanintharyi Region 2,Amyotha,ဦးတင်မောင်မြင့်,,7695,2015,1214,M,တနင်္သာရီတိုင်းဒေသကြီး ၂
Tanintharyi Region,,Tanintharyi Region 10,Amyotha,ဦးသန်းမြင့်,,7733,2015,1175,M,တနင်္သာရီတိုင်းဒေသကြီး ၁၀
Tanintharyi Region,,Tanintharyi Region 4,Amyotha,ဦးမောင်စိန်,,8013,2015,2307,M,တနင်္သာရီတိုင်းဒေသကြီး ၄
Tanintharyi Region,,Tanintharyi Region 11,Amyotha,ဦးယုနိုင်,,8676,2015,2825,M,တနင်္သာရီတိုင်းဒေသကြီး ၁၁
Tanintharyi Region,,Tanintharyi Region 7,Amyotha,ဦးဝင်းရှိန်,,9436,2015,1519,M,တနင်္သာရီတိုင်းဒေသကြီး ၇
Tanintharyi Region,,Tanintharyi Region 12,Amyotha,ဦးတိုးဝင်း,,9438,2015,2559,M,တနင်္သာရီတိုင်းဒေသကြီး ၁၂
Tanintharyi Region,,Tanintharyi Region 8,Amyotha,ဦးခင်မောင်ဋ္ဌေး,,9856,2015,420,M,တနင်္သာရီတိုင်းဒေသကြီး ၈
Tanintharyi Region,,Tanintharyi Region 6,Amyotha,ဦးမိုးမြင့်,,10284,2015,909,M,တနင်္သာရီတိုင်းဒေသကြီး ၆
Tanintharyi Region,,Tanintharyi Region 1,Amyotha,ဒေါ်မြမြစိမ်း,,10361,2015,1862,F,တနင်္သာရီတိုင်းဒေသကြီး ၁
Tanintharyi Region,,Tanintharyi Region 3,Amyotha,ဦးအောင်ဝင်း,,11079,2015,1295,M,တနင်္သာရီတိုင်းဒေသကြီး ၃
Tanintharyi Region,,Tanintharyi Region 9,Amyotha,ဦးထင်အောင်ကျော်,,12962,2015,2443,M,တနင်္သာရီတိုင်းဒေသကြီး ၉
Tanintharyi Region,,Tanintharyi Region 12,Amyotha,ဦးခင်မျိုးဝင်း,,17815,2015,447,M,တနင်္သာရီတိုင်းဒေသကြီး ၁၂
Tanintharyi Region,,Tanintharyi Region 7,Amyotha,ဦးဇော်ဟိန်း,,21524,2015,793,M,တနင်္သာရီတိုင်းဒေသကြီး ၇
Tanintharyi Region,,Tanintharyi Region 8,Amyotha,ဦးဥက္ကာမင်း,,23247,2015,524,M,တနင်္သာရီတိုင်းဒေသကြီး ၈
Tanintharyi Region,,Tanintharyi Region 11,Amyotha,ဒေါက်တာခင်မောင်ဝင်း,,27333,2015,931,M,တနင်္သာရီတိုင်းဒေသကြီး ၁၁
Tanintharyi Region,,Tanintharyi Region 4,Amyotha,ဦးဟန်ဝင်းသိန်း,,29939,2015,1432,M,တနင်္သာရီတိုင်းဒေသကြီး ၄
Tanintharyi Region,,Tanintharyi Region 10,Amyotha,ဦးစိုးသိန်း(ခ)ဦးမောင်စိုး,,30602,2015,1481,M,တနင်္သာရီတိုင်းဒေသကြီး ၁၀
Tanintharyi Region,,Tanintharyi Region 3,Amyotha,ဦးထွန်းလင်း,,32934,2015,1332,M,တနင်္သာရီတိုင်းဒေသကြီး ၃
Tanintharyi Region,,Tanintharyi Region 9,Amyotha,ဦးကင်းရှိန်,,35257,2015,2014,M,တနင်္သာရီတိုင်းဒေသကြီး ၉
Tanintharyi Region,,Tanintharyi Region 6,Amyotha,ဦးတင်ဝေ,,39493,2015,1013,M,တနင်္သာရီတိုင်းဒေသကြီး ၆
Tanintharyi Region,,Tanintharyi Region 2,Amyotha,ဦးသက်နိုင်စိုး,,41847,2015,2260,M,တနင်္သာရီတိုင်းဒေသကြီး ၂
Tanintharyi Region,,Tanintharyi Region 1,Amyotha,ဦးအောင်ဝင်း,,42836,2015,1850,M,တနင်္သာရီတိုင်းဒေသကြီး ၁
Tanintharyi Region,,Tanintharyi Region 5,Amyotha,ဒေါက်တာလင်းဝေဖြိုးလတ်,,44438,2015,1982,M,တနင်္သာရီတိုင်းဒေသကြီး ၅
Yangon Region,,Yangon Region 11,Amyotha,ဦးထွန်းအောင်ကျော်,,194,2015,12,M,ရန်ကုန်တိုင်းဒေသကြီး ၁၁
Yangon Region,,Yangon Region 11,Amyotha,ဒေါ်မာလာ,,285,2015,7,F,ရန်ကုန်တိုင်းဒေသကြီး ၁၁
Yangon Region,,Yangon Region 11,Amyotha,ဒေါ်ခိုင်ဝင်းမြင့်,,616,2015,19,F,ရန်ကုန်တိုင်းဒေသကြီး ၁၁
Yangon Region,,Yangon Region 6,Amyotha,ဦးသန့်ဇော်,,665,2015,46,M,ရန်ကုန်တိုင်းဒေသကြီး ၆
Yangon Region,,Yangon Region 4,Amyotha,ဦးဇော်ဝင်း,,694,2015,47,M,ရန်ကုန်တိုင်းဒေသကြီး ၄
Yangon Region,,Yangon Region 11,Amyotha,ဦးကျော်စိန်,,709,2015,46,M,ရန်ကုန်တိုင်းဒေသကြီး ၁၁
Yangon Region,,Yangon Region 3,Amyotha,ဦးဖုန်းမြင့်အောင်,,1110,2015,99,M,ရန်ကုန်တိုင်းဒေသကြီး ၃
Yangon Region,,Yangon Region 6,Amyotha,ဦးတင်စိန်,,1124,2015,114,M,ရန်ကုန်တိုင်းဒေသကြီး ၆
Yangon Region,,Yangon Region 5,Amyotha,ဒေါ်မျိုးပပလင်း,,1125,2015,145,F,ရန်ကုန်တိုင်းဒေသကြီး ၅
Yangon Region,,Yangon Region 11,Amyotha,ဦးအောင်စိုးမင်း,,1179,2015,18,M,ရန်ကုန်တိုင်းဒေသကြီး ၁၁
Yangon Region,,Yangon Region 9,Amyotha,ဦးဆန်းထွန်း,,1313,2015,90,M,ရန်ကုန်တိုင်းဒေသကြီး ၉
Yangon Region,,Yangon Region 10,Amyotha,ဦးအေးနိုင်,,1447,2015,64,M,ရန်ကုန်တိုင်းဒေသကြီး ၁၀
Yangon Region,,Yangon Region 5,Amyotha,ဦးဝင်းသိန်းဟန်,,1482,2015,204,M,ရန်ကုန်တိုင်းဒေသကြီး ၅
Yangon Region,,Yangon Region 4,Amyotha,ဒေါက်တာအမောင်,,1624,2015,110,M,ရန်ကုန်တိုင်းဒေသကြီး ၄
Yangon Region,,Yangon Region 5,Amyotha,ဦးတင်အောင်,,1875,2015,191,M,ရန်ကုန်တိုင်းဒေသကြီး ၅
Yangon Region,,Yangon Region 10,Amyotha,ဦးမန်းဖိုးစော,,1954,2015,132,M,ရန်ကုန်တိုင်းဒေသကြီး ၁၀
Yangon Region,,Yangon Region 11,Amyotha,ဒေါ်သော်တာဆိုင်,,2022,2015,62,F,ရန်ကုန်တိုင်းဒေသကြီး ၁၁
Yangon Region,,Yangon Region 2,Amyotha,ဦးရဲမင်းသိန်း(ခ)ရသ,,2113,2015,206,M,ရန်ကုန်တိုင်းဒေသကြီး ၂
Yangon Region,,Yangon Region 4,Amyotha,ဦးမြင့်သိန်း,,2128,2015,170,M,ရန်ကုန်တိုင်းဒေသကြီး ၄
Yangon Region,,Yangon Region 3,Amyotha,ဦးကျော်မြတ်ဦး,,2187,2015,233,M,ရန်ကုန်တိုင်းဒေသကြီး ၃
Yangon Region,,Yangon Region 3,Amyotha,ဦးအောင်ဇော်ဝင်း,,2197,2015,115,M,ရန်ကုန်တိုင်းဒေသကြီး ၃
Yangon Region,,Yangon Region 11,Amyotha,ဦးထွန်းထွန်းလှိုင်,,2205,2015,34,M,ရန်ကုန်တိုင်းဒေသကြီး ၁၁
Yangon Region,,Yangon Region 11,Amyotha,ဦးမျိုးသန့်,,2310,2015,76,M,ရန်ကုန်တိုင်းဒေသကြီး ၁၁
Yangon Region,,Yangon Region 2,Amyotha,ဦးထွန်းထွန်း,,2354,2015,102,M,ရန်ကုန်တိုင်းဒေသကြီး ၂
Yangon Region,,Yangon Region 8,Amyotha,ဦးဇေယျာမင်း,,2359,2015,80,M,ရန်ကုန်တိုင်းဒေသကြီး ၈
Yangon Region,,Yangon Region 11,Amyotha,ဦးကောင်းမြင့်ထွဋ်,,2545,2015,77,M,ရန်ကုန်တိုင်းဒေသကြီး ၁၁
Yangon Region,,Yangon Region 8,Amyotha,ဦးမြသိန်း,,2570,2015,212,M,ရန်ကုန်တိုင်းဒေသကြီး ၈
Yangon Region,,Yangon Region 11,Amyotha,ဦးသန်းနိုင်,,2951,2015,105,M,ရန်ကုန်တိုင်းဒေသကြီး ၁၁
Yangon Region,,Yangon Region 4,Amyotha,ဦးသန်းထွန်း,,3310,2015,144,M,ရန်ကုန်တိုင်းဒေသကြီး ၄
Yangon Region,,Yangon Region 2,Amyotha,ဦးလေးစိုး,,3431,2015,209,M,ရန်ကုန်တိုင်းဒေသကြီး ၂
Yangon Region,,Yangon Region 12,Amyotha,ဦးဦးအောင်သန်း,,3616,2015,168,M,ရန်ကုန်တိုင်းဒေသကြီး ၁၂
Yangon Region,,Yangon Region 6,Amyotha,ဒေါက်တာတင်ရွှေ,,4276,2015,328,M,ရန်ကုန်တိုင်းဒေသကြီး ၆
Yangon Region,,Yangon Region 9,Amyotha,ဦးသက်ထွန်း,,4488,2015,102,M,ရန်ကုန်တိုင်းဒေသကြီး ၉
Yangon Region,,Yangon Region 7,Amyotha,ဦးကျော်မိုးနိုင်,,4496,2015,186,M,ရန်ကုန်တိုင်းဒေသကြီး ၇
Yangon Region,,Yangon Region 1,Amyotha,ဦးလင်းအောင်,,4580,2015,245,M,ရန်ကုန်တိုင်းဒေသကြီး ၁
Yangon Region,,Yangon Region 10,Amyotha,ဒေါ်တင်တင်စိန်,,4716,2015,261,F,ရန်ကုန်တိုင်းဒေသကြီး ၁၀
Yangon Region,,Yangon Region 3,Amyotha,ဦးကျော်,,4899,2015,301,M,ရန်ကုန်တိုင်းဒေသကြီး ၃
Yangon Region,,Yangon Region 11,Amyotha,ဦးသန်းဇော်,,5119,2015,229,M,ရန်ကုန်တိုင်းဒေသကြီး ၁၁
Yangon Region,,Yangon Region 12,Amyotha,ဦးညွန့်လှိုင်,,5266,2015,268,M,ရန်ကုန်တိုင်းဒေသကြီး ၁၂
Yangon Region,,Yangon Region 11,Amyotha,ဒေါ်ခင်လှမြိုင်(ခ)ဒေါ်ခင်သန်းရင်,,5370,2015,95,F,ရန်ကုန်တိုင်းဒေသကြီး ၁၁
Yangon Region,,Yangon Region 9,Amyotha,ဦးစောဂျက်ကော့ထူး,,5596,2015,248,M,ရန်ကုန်တိုင်းဒေသကြီး ၉
Yangon Region,,Yangon Region 8,Amyotha,ဦးအေးကို,,6926,2015,172,M,ရန်ကုန်တိုင်းဒေသကြီး ၈
Yangon Region,,Yangon Region 1,Amyotha,ဦးမြင့်သိန်း,,7125,2015,295,M,ရန်ကုန်တိုင်းဒေသကြီး ၁
Yangon Region,,Yangon Region 12,Amyotha,ဒေါ်ခင်ညွန့်သန်း,,7378,2015,675,F,ရန်ကုန်တိုင်းဒေသကြီး ၁၂
Yangon Region,,Yangon Region 9,Amyotha,ဦးဇော်ဦး,,8387,2015,265,M,ရန်ကုန်တိုင်းဒေသကြီး ၉
Yangon Region,,Yangon Region 7,Amyotha,ဒေါ်လဲ့လဲ့ထွန်း,,11379,2015,450,F,ရန်ကုန်တိုင်းဒေသကြီး ၇
Yangon Region,,Yangon Region 11,Amyotha,ဦးတင်ယု,,19656,2015,1564,M,ရန်ကုန်တိုင်းဒေသကြီး ၁၁
Yangon Region,,Yangon Region 6,Amyotha,ဒေါ်သင်းသင်းမိုး,,22291,2015,2820,F,ရန်ကုန်တိုင်းဒေသကြီး ၆
Yangon Region,,Yangon Region 2,Amyotha,ဦးဝဏ္ဏမျိုး,,27021,2015,2125,M,ရန်ကုန်တိုင်းဒေသကြီး ၂
Yangon Region,,Yangon Region 5,Amyotha,ဦးမြင့်အောင်,,30108,2015,4711,M,ရန်ကုန်တိုင်းဒေသကြီး ၅
Yangon Region,,Yangon Region 4,Amyotha,ဦးလှထွန်းဦး,,30683,2015,4102,M,ရန်ကုန်တိုင်းဒေသကြီး ၄
Yangon Region,,Yangon Region 3,Amyotha,မလိခဦးလှချစ်,,30999,2015,3931,M,ရန်ကုန်တိုင်းဒေသကြီး ၃
Yangon Region,,Yangon Region 1,Amyotha,ဒေါ်အေးအေးမြင့်,,47698,2015,4339,F,ရန်ကုန်တိုင်းဒေသကြီး ၁
Yangon Region,,Yangon Region 10,Amyotha,ဦးနု,,60095,2015,7059,M,ရန်ကုန်တိုင်းဒေသကြီး ၁၀
Yangon Region,,Yangon Region 12,Amyotha,ဦးဆွေအောင်,,77990,2015,10501,M,ရန်ကုန်တိုင်းဒေသကြီး ၁၂
Yangon Region,,Yangon Region 9,Amyotha,ဦးရန်နိုင်ဦး,,88152,2015,9376,M,ရန်ကုန်တိုင်းဒေသကြီး ၉
Yangon Region,,Yangon Region 8,Amyotha,ဒေါက်တာခင်ရွှေ,,91598,2015,5675,M,ရန်ကုန်တိုင်းဒေသကြီး ၈
Yangon Region,,Yangon Region 11,Amyotha,ဦးအေးဗိုလ်,,114715,2015,2992,M,ရန်ကုန်တိုင်းဒေသကြီး ၁၁
Yangon Region,,Yangon Region 2,Amyotha,ဦးဌေးဦး,,121518,2015,2997,M,ရန်ကုန်တိုင်းဒေသကြီး ၂
Yangon Region,,Yangon Region 7,Amyotha,ဦးမြညိမ်း,,124166,2015,8729,M,ရန်ကုန်တိုင်းဒေသကြီး ၇
Yangon Region,,Yangon Region 12,Amyotha,ဦးကျော်နိုင်,,145828,2015,7983,M,ရန်ကုန်တိုင်းဒေသကြီး ၁၂
Yangon Region,,Yangon Region 10,Amyotha,ဒေါ်နော်လှလှစိုး,,165418,2015,6877,F,ရန်ကုန်တိုင်းဒေသကြီး ၁၀
Yangon Region,,Yangon Region 5,Amyotha,ဦးဘမျိုးသိန်း,,168229,2015,10672,M,ရန်ကုန်တိုင်းဒေသကြီး ၅
Yangon Region,,Yangon Region 6,Amyotha,ဒေါက်တာအောင်သူ,,172190,2015,9920,M,ရန်ကုန်တိုင်းဒေသကြီး ၆
Yangon Region,,Yangon Region 4,Amyotha,ဦးသန်းစိုး(ခ)သန်းစိုး(ဘောဂဗေဒ),,182110,2015,9758,M,ရန်ကုန်တိုင်းဒေသကြီး ၄
Yangon Region,,Yangon Region 9,Amyotha,ဦးဖေချစ်,,200834,2015,5876,M,ရန်ကုန်တိုင်းဒေသကြီး ၉
Yangon Region,,Yangon Region 7,Amyotha,ဦးရဲမြင့်စိုး,,218195,2015,8509,M,ရန်ကုန်တိုင်းဒေသကြီး ၇
Yangon Region,,Yangon Region 8,Amyotha,ဦးကျော်ထွေး,,224899,2015,6863,M,ရန်ကုန်တိုင်းဒေသကြီး ၈
Yangon Region,,Yangon Region 1,Amyotha,ဒေါက်တာဌေးကြွယ်,,226649,2015,10382,M,ရန်ကုန်တိုင်းဒေသကြီး ၁
Yangon Region,,Yangon Region 3,Amyotha,ဒေါက်တာမြတ်ဉာဏစိုး,,227060,2015,13478,M,ရန်ကုန်တိုင်းဒေသကြီး ၃
